hole_id,Sample_id,depth_from,depth_to,fe,sio2,al2o3,loi,p,,loi,,bin
B01,,0,2.44,61.6,2.5,5.01,3.9,0.06,,,,10
B01,,2.44,4.88,59.8,4.4,5.39,4.2,0.06,,,,12
B01,,4.88,6.4,61,4,5.27,3,0.06,,,,14
B01,,6.4,9.75,56.4,5.2,7.45,5.2,0.06,,,,16
B01,,9.75,11.89,63.8,2.2,2.4,3.8,0.04,,,,18
B01,,11.89,13.42,63.8,1.6,3.37,3.3,0.06,,,,20
B01,,13.42,16.17,63.9,1.8,3.52,2.8,0.06,,,,22
B01,,16.17,18.91,64.1,1.2,3.9,2.7,0.06,,,,24
B01,,18.91,20.43,64.8,2.6,2.8,2.5,0.06,,,,26
B01,,20.43,22.26,63,2,4.5,2.9,0.06,,,,28
B01,,22.26,24.4,66.2,2,2,2,0.04,,,,30
B01,,24.4,26.23,65,2.68,2.02,2.1,0.06,,,,32
B01,,26.23,28.67,66,1.58,2.14,1.8,0.04,,,,34
B01,,28.67,30.5,66.2,1.6,2.04,1.6,0.04,,,,36
B01,,30.5,32.33,62.8,4.3,2.9,2.5,0.06,,,,38
B01,,32.33,34.16,64.6,3.16,2.36,2,0.06,,,,40
B01,,34.16,36.59,64.8,4.46,1.11,1.65,0.05,,,,42
B01,,36.59,39.02,64.2,5.16,1.22,1.71,0.06,,,,44
B01,,39.02,41.44,65.6,2,2.07,1.9,0.05,,,,46
B01,,41.44,43.24,66,2.6,1,1.9,0.04,,,,48
B01,,43.24,45.06,64.4,2.84,1.23,3.6,0.04,,,,50
B01,,45.06,46.86,64.1,3.5,1.29,3.3,0.04,,,,52
B01,,46.86,48.96,64.4,6.12,2.21,3.2,0.04,,,,54
B01,,48.96,51.06,64,4.16,1.2,2.85,0.06,,,,56
B01,,51.06,53.56,64.2,2.08,2.34,3.37,0.08,,,,58
B01,,53.56,55.36,65.2,1.96,1.31,3.39,0.06,,,,60
B01,,55.36,57.76,63,3.16,1.1,5.51,0.06,,,,62
B01,,57.76,59.61,60.8,8.85,1.06,2.75,0.08,,,,64
B01,,59.61,62.76,63.6,3.2,1.87,3.68,0.06,,,,66
B01,,62.76,64.26,64.2,2,1,5.07,0.07,,,,68
B01,,64.26,66.41,61.6,4.24,3.37,4.8,0.04,,,,70
B01,,66.41,68.31,64,2.24,1.63,4.3,0.08,,,,72
B01,,68.31,70.11,64.4,0.86,1.08,5.97,0.06,,,,74
B01,,70.11,72.21,63,4,0.91,5,0.06,,,,76
B01,,72.21,74.68,63,3.5,1.21,4.9,0.07,,,,78
B01,,74.68,77.4,63.2,3.44,0.9,0.32,0.09,,,,80
B01,,77.4,79.3,62.4,6.1,1,3.47,0.07,,,,
B01,,79.3,81.4,53,20.7,0.92,2.19,0.06,,,,
B01,,81.4,82.95,55.2,18.32,0.95,1.44,0.06,,,,
B02,,0,2.1,47,9.64,12.33,10.32,0.07,,,,
B02,,2.1,4.25,62,1.16,3.63,6.15,0.05,,,,
B02,,4.25,6.4,58.8,3.5,5.39,6.63,0.07,,,,
B02,,6.4,8.2,61.8,2.5,3.88,4.75,0.04,,,,
B02,,8.2,10.35,61.5,0.84,3.54,7.17,0.05,,,,
B02,,10.35,12.2,61.9,1.04,4,5.99,0.06,,,,
B02,,12.2,14.95,62.4,1.12,3.37,5.8,0.05,,,,
B02,,14.95,16.8,65.4,0.78,2.8,2.5,0.08,,,,
B02,,16.8,18.9,66.4,0.68,1.05,3.46,0.07,,,,
B02,,18.9,21.1,64,0.74,2.54,4.84,0.06,,,,
B02,,21.1,22.85,65,0.72,2.63,3.3,0.07,,,,
B02,,22.85,25,52.3,2.94,10.17,11.6,0.08,,,,
B02,,25,26.8,55.7,1.44,7.91,10.5,0.09,,,,
B02,,26.8,28.65,63.2,0.66,2.56,6,0.07,,,,
B02,,28.65,31.1,64.8,0.52,1.02,5.5,0.06,,,,
B02,,31.1,32.65,64.6,0.6,2.46,4.06,0.05,,,,
B02,,32.65,35.1,66,0.8,1,3.5,0.04,,,,
B02,,35.1,36.9,59.8,0.68,4.11,9.3,0.09,,,,
B02,,36.9,38.7,60.1,1.44,1.47,10,0.13,,,,
B02,,38.7,40.5,60.7,1.04,2.51,9.25,0.12,,,,
B02,,40.5,42.7,64.1,0.94,1.1,6,0.12,,,,
B02,,42.7,45.75,64,0.74,1.3,6.1,0.1,,,,
B02,,45.75,48.2,65,1,1.56,4.19,0.04,,,,
B02,,48.2,48.8,64.2,0.76,2.7,4.32,0.08,,,,
B02,,48.8,51.25,64.4,1.2,1.55,4.96,0.06,,,,
B02,,51.25,53.4,65,0.9,1.6,4.35,0.05,,,,
B02,,53.4,55.5,65.1,0.86,1.2,4.55,0.04,,,,
B02,,55.5,57.95,64.2,1.18,1.24,5.37,0.07,,,,
B02,,57.95,61,65.2,0.94,1.41,4.01,0.04,,,,
B02,,61,62.5,65.2,1.26,1.1,4.2,0.05,,,,
B02,,62.5,64.05,63.8,1,2.2,5.15,0.04,,,,
B02,,64.05,65.55,61.2,1.12,5.61,5.25,0.04,,,,
B02,,65.55,67.1,65.4,0.94,0.94,4.4,0.03,,,,
B02,,67.1,68.65,65,0.96,1.83,3.9,0.03,,,,
B02,,68.65,70.15,65.2,0.7,1.34,4.42,0.04,,,,
B02,,70.15,71.7,64.6,0.6,1.07,5.65,0.04,,,,
B02,,71.7,73.2,64.8,0.8,1.56,4.68,0.05,,,,
B02,,73.2,75.65,64.8,0.72,1.34,4.98,0.05,,,,
B03,,0,2.1,45.4,10.3,14.35,9.94,0.06,,,,
B03,,2.1,3.95,44.8,8.9,16.46,10.18,0.07,,,,
B03,,3.95,6.1,42.3,9.56,18.59,10.86,0.05,,,,
B03,,6.1,8.5,59.2,2.86,5.82,6.27,0.06,,,,
B03,,8.5,11.25,60.2,1.88,5.02,5.8,0.05,,,,
B03,,11.25,13.4,60.4,2.02,4.24,6.87,0.05,,,,
B03,,13.4,15.85,58.8,1.8,5.11,8.61,0.04,,,,
B03,,15.85,17.85,57.6,3.66,5,8.67,0.05,,,,
B03,,17.85,19.2,60,2.46,4.37,6.97,0.06,,,,
B03,,19.2,21,54,3.62,12.86,9.8,0.08,,,,
B03,,21,22.85,60.4,3.96,4.81,4.48,0.05,,,,
B03,,22.85,25.9,61.2,1.88,3.67,6.58,0.05,,,,
B03,,25.9,27.45,64,1.8,2.49,3.89,0.04,,,,
B03,,27.45,29.55,63,1.06,3.09,5.36,0.04,,,,
B03,,29.55,31.65,64.6,0.88,1.95,4.49,0.04,,,,
B03,,31.65,33.5,64,1.02,1.54,5.57,0.05,,,,
B03,,33.5,35.35,64,0.8,1.33,6.05,0.08,,,,
B03,,35.35,38.1,64.7,1.18,0.92,5.08,0.05,,,,
B03,,38.1,40.2,65.6,1.14,0.95,3.9,0.06,,,,
B03,,40.2,42.65,64,1.12,1.88,5.38,0.07,,,,
B03,,42.65,44.75,64.6,0.9,1.82,4.65,0.14,,,,
B03,,44.75,47.15,63,1.02,1.63,7.7,0.1,,,,
B03,,47.15,49.25,62.8,1.18,1,7.52,0.14,,,,
B03,,49.25,51.7,63.3,1.08,1.13,6.77,0.14,,,,
B03,,51.7,53.8,64.4,1.44,1.65,4.32,0.13,,,,
B03,,53.8,56.25,64.2,0.78,0.54,6.37,0.1,,,,
B03,,56.25,59.05,63.6,0.8,1.24,6.51,0.16,,,,
B03,,59.05,60.6,62.8,0.9,1.63,7.17,0.09,,,,
B03,,60.6,62.45,65.3,0.86,0.87,5.28,0.13,,,,
B03,,62.45,64,64.2,0.86,0.87,5.98,0.12,,,,
B03,,64,65.5,64.8,0.82,0.56,5.46,0.09,,,,
B03,,65.5,67.65,64,0.88,1.15,5.95,0.12,,,,
B03,,67.65,70.1,63.6,1.6,0.99,6.6,0.14,,,,
B03,,70.1,71.9,65.3,0.7,1.09,4.63,0.06,,,,
B03,,71.9,73.75,64,1.14,0.7,6.39,0.07,,,,
B03,,73.75,75.85,63.8,1.28,1.2,6.09,0.08,,,,
B03,,75.85,77.7,64,1.06,1.02,6.1,0.07,,,,
B03,,77.7,80,64,1,1.49,5.59,0.13,,,,
B03,,80,82.15,64.6,0.9,1.02,5.5,0.09,,,,
B03,,82.15,84.85,65,0.6,0.95,5.4,0.07,,,,
B03,,84.85,86.9,62.8,1.8,2.35,5.45,,,,,
B03,,86.9,88.15,65.4,1,0.95,4.33,,,,,
B03,,88.15,90,65.6,1,0.68,4.21,,,,,
B03,,90,92.1,65.6,0.8,0.78,4.31,,,,,
B03,,92.1,94.5,65.4,1,1,4.22,,,,,
B03,,94.5,96.35,64.8,1,0.96,3.08,,,,,
B03,,96.35,99.05,64.8,1.04,1.18,4.71,,,,,
B03,,99.05,100.6,64.8,1.14,1.32,4.48,,,,,
B03,,100.6,101.8,63.2,1.76,1.17,6.19,,,,,
B03,,101.8,103.9,64.2,1.74,1.18,4.96,,,,,
B03,,103.9,106.35,65,1.44,1.2,4.11,,,,,
B03,,106.35,108.6,65.4,1,0.85,4.53,,,,,
B03,,108.6,109.8,65.4,0.96,0.96,4.37,,,,,
B03,,109.8,111.3,65.8,0.9,1.2,3.47,,,,,
B03,,111.3,112.8,66,1.34,1.53,2.45,,,,,
B03,,112.8,116.1,64.4,1.5,1.5,4.67,,,,,
B03,,116.1,118.2,65.4,1.3,1.4,3.3,,,,,
B03,,118.2,120.65,65.1,1.2,1.3,3.95,,,,,
B03,,120.65,122.75,64.5,2,1.01,4.7,,,,,
B03,,122.75,124.85,65,0.92,0.83,5,,,,,
B03,,124.85,126.65,65.2,1.12,0.65,4.45,,,,,
B03,,126.65,128.5,64.2,1.82,1.42,4.4,,,,,
B03,,128.5,130.9,64.4,1.5,0.62,5.59,,,,,
B04,,0,1.2,54.8,7.62,8.02,5.5,0.05,,,,
B04,,1.2,2.4,55.6,7.94,7.95,4.5,0.05,,,,
B04,,2.4,5.15,57.6,5.82,7.11,4.2,0.04,,,,
B04,,5.15,7.6,49.8,20.44,5.36,2.5,0.04,,,,
B04,,7.6,10.05,47.6,26,2.83,2.7,0.04,,,,
B05,,0,1.2,54.3,6.8,8.65,6.4,0.06,,,,
B05,,1.2,4,61.2,1.52,1.46,6,0.05,,,,
B05,,4,5.5,51.2,6.5,12,7.7,0.06,,,,
B05,,5.5,8.55,50,5.4,13.9,8.7,0.06,,,,
B05,,8.55,10.65,60.3,2,5.38,5.9,0.06,,,,
B05,,10.65,12.5,62.5,1.2,4.52,4.4,0.05,,,,
B05,,12.5,14.3,59.6,1.4,6,6.8,0.07,,,,
B05,,14.3,16.75,63.8,1.5,2.17,4.8,0.06,,,,
B05,,16.75,18.9,64.2,1.2,2.49,4.1,0.06,,,,
B05,,18.9,20.7,62.6,1.6,4.09,4.3,0.07,,,,
B05,,20.7,22.85,64.3,1,2.45,4.2,0.06,,,,
B05,,22.85,24.4,65.6,0.8,1.2,4,0.06,,,,
B05,,24.4,26.8,63.4,1.2,3.08,5,0.06,,,,
B05,,26.8,28.65,64.9,1,2.43,3.5,0.06,,,,
B05,,28.65,30.5,65.6,0.75,1.86,3.1,0.06,,,,
B05,,30.5,32.9,65.2,0.8,2.18,3.4,0.06,,,,
B05,,32.9,34.7,65.8,0.86,1.78,3.6,0.06,,,,
B05,,34.7,36.85,63.7,1.26,3.26,3.8,0.06,,,,
B05,,36.85,38.7,64.4,1,1.85,5,0.07,,,,
B05,,38.7,40.2,60.8,1.1,5.76,6,0.06,,,,
B05,,40.2,42.05,64.6,0.8,2.8,3.9,0.07,,,,
B05,,42.05,44.45,65.1,0.6,2.1,4.1,0.06,,,,
B05,,44.45,46.3,64,1,3.18,4.2,0.06,,,,
B05,,46.3,48.45,65,0.86,2.15,3.9,0.06,,,,
B05,,48.45,50.6,63.8,1.5,1.7,5.17,0.06,,,,
B05,,50.6,53.35,64.2,1.78,2.04,3.97,0.06,,,,
B05,,53.35,55.5,63.9,1.26,1.36,5.66,0.06,,,,
B05,,55.5,57.05,64.8,0.86,2.23,3.85,0.06,,,,
B05,,57.05,58.85,64,0.8,3.4,3.78,0.06,,,,
B05,,58.85,61.25,63.1,2.26,3.09,4.02,0.06,,,,
B05,,61.25,63.1,65.6,1.56,0.72,3.7,0.06,,,,
B05,,63.1,64.9,65.8,0.8,1.45,3.4,0.06,,,,
B05,,64.9,67.35,65,2,1.05,3.8,0.06,,,,
B05,,67.35,69.75,63.4,1.2,1.86,6,0.07,,,,
B05,,69.75,72.2,65.1,1.6,1.01,4,0.06,,,,
B05,,72.2,74.35,63.9,2.04,1.02,5.36,0.06,,,,
B05,,74.35,75.85,64.9,1.38,0.96,4.55,0.07,,,,
B05,,75.85,77.7,65.4,1.24,1.18,3.76,0.06,,,,
B05,,77.7,80.2,64.5,1.72,1.06,4.68,0.06,,,,
B05,,80.2,81.7,63.1,1.2,3.27,4.5,0.06,,,,
B05,,81.7,82.95,65.7,1,0.85,3.9,0.06,,,,
B05,,82.95,84.75,65.8,1.2,0.77,3.2,0.07,,,,
B05,,84.75,87.2,62.6,2,2.38,5.3,0.06,,,,
B05,,87.2,89.65,62.6,2,2.38,5.5,0.06,,,,
B05,,89.65,91.45,63,1,2.51,5.6,0.06,,,,
B05,,91.45,92.95,63.8,1.2,1.65,5.7,0.06,,,,
B06,,0,1.8,55.3,8.48,6.9,4.12,0.06,,,,
B06,,1.8,4.2,45,29.58,3.35,2.09,0.07,,,,
B06,,4.2,6.4,44.4,29.66,3.95,2.27,0.07,,,,
B07,,0,1.8,49.4,18.2,6.8,3.76,0.07,,,,
B07,,1.8,3.65,55.3,10.2,6.43,3.68,0.05,,,,
B07,,3.65,6.4,53.2,14.28,5.71,3.32,0.05,,,,
B07,,6.4,8.55,52.8,15.28,5.31,3.31,0.06,,,,
B07,,8.55,11.25,57.2,8.38,6.54,2.59,0.05,,,,
B07,,11.25,13.05,52.2,18.64,2.54,3.57,0.05,,,,
B08,,0,1.85,63.2,1.66,2.33,5,0.06,,,,
B08,,1.85,3.95,58.4,4.3,4.69,6.7,0.07,,,,
B08,,3.95,6.35,57,4.24,5.75,7.5,0.07,,,,
B08,,6.35,7.6,59,4.02,4.98,6,0.06,,,,
B08,,7.6,8.5,63.8,1.16,2.21,5,0.06,,,,
B08,,8.5,9.15,64,1,2.08,5.1,0.06,,,,
B08,,9.15,11.9,64.4,1.02,1.29,5.3,0.06,,,,
B08,,11.9,14.3,64,1.14,2.34,4.6,0.06,,,,
B08,,14.3,17.4,63.8,1.4,1.37,5.6,0.08,,,,
B08,,17.4,18.9,63.2,1.8,1.72,5.7,0.07,,,,
B08,,18.9,19.8,62.4,1.6,2.45,6.32,0.07,,,,
B08,,19.8,21.35,61.5,1.84,2.9,6.9,0.06,,,,
B08,,21.35,22.85,63.6,0.94,2.34,5.5,0.07,,,,
B08,,22.85,24.4,63.8,1.1,2.12,5.15,0.07,,,,
B08,,24.4,25.9,61.9,0.9,4,6.1,0.08,,,,
B08,,25.9,28.02,65.1,0.78,2.45,3.2,0.06,,,,
B08,,28.02,30.16,66.2,0.7,1.04,3.35,0.07,,,,
B08,,30.16,32.31,67.2,0.6,0.81,2.2,0.07,,,,
B08,,32.31,34.77,66,1.4,1.32,2.5,0.08,,,,
B08,,34.77,36.59,64.2,1,2.89,3.7,0.07,,,,
B08,,36.59,39,64.6,1,2.02,4.2,0.06,,,,
B08,,39,41.1,65.3,1.4,0.67,4.15,0.08,,,,
B08,,41.1,42.38,63,2.4,1.31,5.8,0.07,,,,
B08,,42.38,44.51,60.1,8.8,0.96,3.96,0.1,,,,
B08,,44.51,46.03,62.5,4.2,2.57,3.35,0.09,,,,
B08,,46.03,47.55,67.8,0.6,0.75,1.4,0.12,,,,
B08,,47.55,49.95,61.5,1.84,3.5,6.1,0.07,,,,
B08,,49.95,51.47,65,2,1,3.55,0.08,,,,
B08,,51.47,53.62,63.6,4.5,0.85,3.25,0.07,,,,
B08,,53.62,56.02,63,4,2.11,3.5,0.07,,,,
B08,,56.02,57.57,64.8,2.8,1.24,3,0.06,,,,
B08,,57.57,59.72,64.6,2,0.88,4.6,0.08,,,,
B08,,59.72,61.27,64.1,3.56,1.12,3.2,0.06,,,,
B08,,61.27,62.79,64.8,3.26,1.48,2.15,0.06,,,,
B08,,62.79,64.92,64,2.4,0.7,5.2,0.07,,,,
B08,,64.92,67.05,65.6,2.76,1.08,2.2,0.05,,,,
B08,,67.05,69.18,60.3,7.38,1.89,4,0.06,,,,
B08,,69.18,71.01,65.8,2,1.1,2.45,0.06,,,,
B08,,71.01,73.44,66.5,1.58,0.73,2.3,0.05,,,,
B08,,73.44,74.96,65.3,2.4,0.95,2.85,0.06,,,,
B08,,74.96,76.48,63.6,4.46,0.82,3.37,0.07,,,,
B08,,76.48,78.01,63.1,4.58,0.93,3.87,0.07,,,,
B08,,78.01,79.53,63.8,3.6,0.9,3.85,0.07,,,,
B08,,79.53,81.05,63.3,3.6,1.08,5,0.09,,,,
B08,,81.05,82.57,64,2.04,1.34,4.8,0.07,,,,
B08,,82.57,84.12,62.6,1.54,1.35,7.3,0.07,,,,
B08,,84.12,86.56,60.6,4,2.35,6.7,0.08,,,,
B08,,86.56,88.69,61,3.8,2.4,6.3,0.08,,,,
B08,,88.69,89.89,63.2,2.24,1.03,5.95,0.08,,,,
B08,,89.89,91.67,60.8,7.52,1.11,4.03,0.06,,,,
B08,,91.67,93.49,54.6,18.04,1.01,2.49,0.05,,,,
B09,,0,1.83,56.4,4.9,6.05,7.8,0.05,,,,
B09,,1.83,3.96,55.5,2,8.13,10,0.05,,,,
B09,,3.96,5.79,58.6,1.8,6.46,7.4,0.04,,,,
B09,,5.79,7.62,56,2.28,7.81,9.23,0.05,,,,
B09,,7.62,10.64,56.3,2.26,8.05,8.68,0.05,,,,
B09,,10.64,12.79,55.8,3.38,8.26,8.07,0.05,,,,
B09,,12.79,15.24,61.9,1.39,3.59,6.11,0.04,,,,
B09,,15.24,17.64,64.1,1.6,1.64,4.8,0.05,,,,
B09,,17.64,19.79,59.2,1.4,6.65,6.7,0.05,,,,
B09,,19.79,22.24,61.6,1.5,2.87,7.13,0.06,,,,
B09,,22.24,24.39,63.6,1.34,2.73,4.63,0.05,,,,
B09,,24.39,26.44,63.4,1.34,2.24,5.46,0.06,,,,
B09,,26.44,28.34,62.6,1.6,2.39,6.2,0.08,,,,
B09,,28.34,31.04,64,1.6,1.18,5.4,0.06,,,,
B09,,31.04,33.49,63.6,1.6,1.45,5.7,0.07,,,,
B09,,33.49,35.34,63.6,1.24,2.71,5.1,0.07,,,,
B09,,35.34,36.89,62.8,1,2.5,6.25,0.06,,,,
B09,,36.89,38.99,64,1.4,2.46,4.2,0.05,,,,
B09,,38.99,40.84,64.4,1,2.3,4.25,0.06,,,,
B09,,40.84,42.34,64.2,1.04,2.44,3.85,0.05,,,,
B09,,42.34,44.49,65.2,1.84,0.72,3.8,0.05,,,,
B09,,44.49,46.59,65.8,2,1.01,2.5,0.04,,,,
B09,,46.59,48.74,64.4,3.3,1.27,2.83,0.06,,,,
B09,,48.74,50.89,64.8,2.7,1.44,2.75,0.06,,,,
B09,,50.89,53.04,65,2.42,0.76,3.51,0.07,,,,
B09,,53.04,56.39,64.8,2,0.84,3.3,0.06,,,,
B09,,56.39,57.94,65.7,1.8,1.35,2.74,0.06,,,,
B09,,57.94,59.74,64.2,3.2,2.04,2.45,0.06,,,,
B09,,59.74,61.29,62.2,4.38,3.22,2.9,0.04,,,,
B09,,61.29,62.49,64.3,3,1.56,3.1,0.05,,,,
B09,,62.49,64.04,65.4,1.7,1.08,3.3,0.06,,,,
B09,,64.04,65.54,64.7,3.26,1.86,2.4,0.05,,,,
B09,,65.54,67.64,61.3,6.74,1.75,3.4,0.04,,,,
B09,,67.64,69.54,65,3.1,1.65,2,0.05,,,,
B09,,69.54,71.35,66.6,1.9,1.06,1.6,0.04,,,,
B09,,71.35,73.5,65.5,3.1,1.25,1.55,0.04,,,,
B09,,73.5,75.6,67.1,1.9,0.75,1.2,0.04,,,,
B09,,75.6,77.75,66.8,2,0.78,1.5,0.04,,,,
B09,,77.75,79.9,64,4,1.98,2,0.06,,,,
B09,,79.9,82.65,65.7,2.44,1.11,2.1,0.05,,,,
B09,,82.65,84.5,65,3.2,1.25,2.2,0.04,,,,
B09,,84.5,86.3,66,2.9,0.82,1.6,0.04,,,,
B09,,86.3,88.45,65,3.8,1.05,1.9,0.05,,,,
B09,,88.45,89.95,62,8.18,0.84,1.88,0.04,,,,
B09,,89.95,91.8,57.6,15.3,0.73,1.3,0.05,,,,
B10,,0,2.45,52.5,8.2,5.9,10.8,0.06,,,,
B10,,2.45,4.25,58.6,3,3.8,8.9,0.05,,,,
B10,,4.25,6.35,62.2,1.5,1.05,8,0.06,,,,
B10,,6.35,8.5,61.8,2.26,1.47,7.5,0.06,,,,
B10,,8.5,10.65,49.4,8.04,9.72,11,0.07,,,,
B10,,10.65,13.1,60,2.2,2.4,9.2,0.06,,,,
B10,,13.1,14.65,60.5,3.5,2.88,6.6,0.06,,,,
B10,,14.65,17.05,60,4.6,3.5,5.6,0.07,,,,
B10,,17.05,19.5,61.7,2.4,4.02,4.8,0.06,,,,
B10,,19.5,21.3,64,2,2.75,3.3,0.06,,,,
B10,,21.3,23.45,64,2.96,1.82,3.3,0.06,,,,
B10,,23.45,24.95,66.5,0.5,1.1,2.7,0.06,,,,
B10,,24.95,26.17,67,1,0.59,2.4,0.05,,,,
B10,,26.17,28.94,66.6,1.12,0.74,2.6,0.05,,,,
B10,,28.94,31.39,66.5,0.8,1.32,2.39,0.05,,,,
B10,,31.39,33.49,67.2,0.98,0.61,1.96,0.05,,,,
B10,,33.49,35.94,66.6,1.4,1.02,2.05,0.06,,,,
B10,,35.94,38.39,65,1.5,1.94,3.1,0.06,,,,
B10,,38.39,40.24,64.8,1.66,2.58,2.6,0.05,,,,
B10,,40.24,42.39,65.5,1.85,1.22,2.9,0.06,,,,
B10,,42.39,44.19,61,6.4,1.57,4.4,0.05,,,,
B10,,44.19,46.64,54,17.06,1.18,4.14,0.05,,,,
B10,,46.64,48.79,55.7,14.9,1.34,3.71,0.05,,,,
B10,,48.79,50.91,58.2,11.3,0.87,4.3,0.05,,,,
B10,,50.91,52.11,54.6,14,1.32,6.3,0.06,,,,
B10,,52.11,53.91,64,3,0.48,4.8,0.07,,,,
B10,,53.91,55.46,60.2,5.36,3.45,4.6,0.06,,,,
B10,,55.46,57.26,63.1,2.27,0.87,0,0,,,,
B10,,57.26,59.11,65.88,1.45,0.81,0,0,,,,
B10,,59.11,60.93,63.8,1.8,0.57,6.2,0.05,,,,
B10,,60.93,63.33,65,1.2,0.7,4.85,0.08,,,,
B10,,63.33,65.78,65.7,1,0.49,4.26,0.04,,,,
B10,,65.78,67,65.9,0.9,0.58,4.01,0.07,,,,
B10,,67,68.55,65.1,0.94,0.4,5.14,0.07,,,,
B10,,68.55,69.75,65.2,1.36,1.18,3.82,0.07,,,,
B10,,69.75,72.2,64.2,1.92,0.65,5.27,0.07,,,,
B10,,72.2,74.05,64,1.38,0.91,5.78,0.07,,,,
B10,,74.05,76.5,63.1,2.82,2.06,4.48,0.07,,,,
B10,,76.5,78.3,64.6,1.98,0.93,4.35,0.07,,,,
B10,,78.3,79.85,64.2,1.62,0.87,5.4,0.06,,,,
B10,,79.85,82,64.6,1,0.82,5.4,0.07,,,,
B10,,82,84.9,64.1,2.2,1.22,4.4,0.07,,,,
B10,,84.9,86.9,64.8,0.84,1.2,5,0,,,,
B10,,86.9,89.02,65,0.74,1.55,4.5,0,,,,
B11,,0,1.22,58,7.5,5.7,3.2,0.05,,,,
B11,,1.22,3.05,54.3,8.56,7.54,5.65,0.06,,,,
B11,,3.05,5.48,58,8,4.56,3.9,0.05,,,,
B11,,5.48,7.62,58.1,7,5.22,4.2,0.06,,,,
B11,,7.62,10.05,58.2,6.4,5.37,4.7,0.06,,,,
B11,,10.05,11.57,59.4,6.6,4.36,3.6,0.06,,,,
B11,,11.57,13.7,59.7,8.1,3.33,2.7,0.06,,,,
B11,,13.7,15.22,61.2,5.94,3.54,2.5,0.06,,,,
B11,,15.22,17.19,55.2,7.9,6.45,6.25,0.06,,,,
B11,,17.19,18.09,43,34.8,1.45,1.7,0.06,,,,
B11,,18.09,22.03,39,39.2,2.53,2,0.06,,,,
B11,,22.03,24.15,52.3,21.5,1.71,1.5,0.06,,,,
B11,,24.15,25.37,48.5,26.26,2.69,1.3,0.06,,,,
B11,,25.37,25.97,41.2,36.46,3.12,1,0.05,,,,
B11,,25.97,28.08,42.4,37.26,1.05,0.7,0.04,,,,
B11,,28.08,30.49,42.3,35.6,2.44,1,0.05,,,,
B12,,0,1.8,61.7,1.86,5.4,4,0.04,,,,
B12,,1.8,3.35,59.9,2.5,6.75,4.5,0.05,,,,
B12,,3.35,6.1,55.4,5.72,8,6.5,0.04,,,,
B12,,6.1,8.5,61.8,3.86,4.26,3,0.04,,,,
B12,,8.5,10.65,63.2,3,3.13,3,0.06,,,,
B12,,10.65,12.8,65,2.5,1.52,2.5,0.05,,,,
B12,,12.8,15.25,66,2.3,1.42,1.4,0.05,,,,
B12,,15.25,17.35,65.6,2.2,1.8,1.7,0.05,,,,
B12,,17.35,19.5,64.4,2,2.24,3.15,0.06,,,,
B12,,19.5,21.65,63.2,3.1,2.98,2.65,0.06,,,,
B12,,21.65,24.4,65.4,1.1,1.18,3.8,0.05,,,,
B12,,24.4,26.5,65.4,2.12,1.06,3,0.06,,,,
B12,,26.5,28.95,65.2,2.52,1.08,2.76,1,,,,
B12,,28.95,30.5,64.3,2.2,1.47,3.85,0.06,,,,
B12,,30.5,32,65.1,1.7,0.96,3.35,0.06,,,,
B12,,32,34.16,66.9,1.2,0.75,2.05,0.06,,,,
B12,,34.16,35.67,66.2,1.8,0.66,2.5,0.05,,,,
B12,,35.67,37.52,60.9,10.2,1.19,2.7,0.06,,,,
B12,,37.52,39.05,65,2,1.05,2.8,0.05,,,,
B12,,39.05,40.55,66,2.2,0.72,2.4,0.05,,,,
B12,,40.55,42.7,66.4,2.54,0.86,1.25,0.05,,,,
B12,,42.7,44.8,65.6,2.88,1.21,1.65,0.07,,,,
B12,,44.8,46.95,64.8,3.16,1.53,2.25,0.09,,,,
B12,,46.95,48.8,67.2,1.38,0.6,1.6,0.05,,,,
B12,,48.8,51.2,66.38,2.06,0.75,1.2,0.05,,,,
B12,,51.2,53.05,49,28.04,0.46,1,0.03,,,,
B12,,53.05,54.9,38.7,42.2,1.01,1.05,0.02,,,,
B12,,54.9,57,38.2,43.26,0.71,1,0.03,,,,
B13,,0,2.44,56.7,4.2,5.77,8.4,0.05,,,,
B13,,2.44,4.28,64,0.9,0.8,6.4,0.06,,,,
B13,,4.28,6.1,64.2,0.72,1.52,5.55,0.06,,,,
B13,,6.1,8.23,64.6,0.86,2.11,4.15,0.07,,,,
B13,,8.23,10.37,52.8,2,11.2,10.6,0.08,,,,
B13,,10.37,12.2,55.8,1.6,8.1,9.9,0.05,,,,
B13,,12.2,14.62,64.1,0.72,1.27,5.95,0.08,,,,
B13,,14.62,16.43,66.1,1.2,0.5,3.5,0.07,,,,
B13,,16.43,18.27,66,1.8,0.72,2.8,0.06,,,,
B13,,18.27,19.49,65.8,2,0.75,2.81,0.05,,,,
B13,,19.49,21.62,66.3,1.42,0.52,2.95,0.03,,,,
B13,,21.62,23.13,65.4,1.24,0.87,3.97,0.05,,,,
B13,,23.13,24.66,61.2,1.8,2.07,8.21,0.09,,,,
B13,,24.66,26.8,61.4,1.96,2.12,7.72,0.09,,,,
B13,,26.8,29.24,65.8,1.3,0.92,3.34,0.05,,,,
B13,,29.24,31.07,63.9,1.14,1.27,5.81,0.1,,,,
B13,,31.07,32.29,64,1.86,2.07,4.15,0.07,,,,
B13,,32.29,34.43,66.7,1.64,0.48,2.3,0.04,,,,
B13,,34.43,36.26,61.6,4.22,3,4.2,0.09,,,,
B13,,36.26,38.09,65.4,1.72,1.06,3.4,0.05,,,,
B13,,38.09,40.23,66,1.22,1,3.2,0.04,,,,
B13,,40.23,42.66,67.2,1.48,0.43,1.6,0.04,,,,
B13,,42.66,45.11,58,7.24,5.56,3.9,0.04,,,,
B13,,45.11,47.24,60.4,6.56,3.1,3.47,0.04,,,,
B13,,47.24,48.77,63.6,3.4,2.4,2.85,0.04,,,,
B13,,48.77,49.99,64.3,3,1.75,2.9,0.04,,,,
B13,,49.99,52.42,65,0.8,0.45,5.6,0.04,,,,
B13,,52.42,54.85,65.6,1.4,0.49,4.1,0.04,,,,
B13,,54.85,55.77,65.3,1.58,0.64,4.1,0.04,,,,
B13,,55.77,57.6,65,1.24,0.61,4.9,0.04,,,,
B13,,57.6,60.03,63,3.8,0.81,5,0.04,,,,
B13,,60.03,62.48,59.1,12.36,1.03,1.75,0.03,,,,
B13,,62.48,63.49,49,23.8,1.55,4,0.05,,,,
B13,,63.49,64.92,63,6.6,0.56,2.3,0.04,,,,
B13,,64.92,66.04,63.2,5,1.32,2.9,0,,,,
B13,,66.04,67.66,61.5,5.9,2.57,3.16,0,,,,
B13,,67.66,70.1,59.4,7.58,3.1,4.07,0,,,,
B13,,70.1,70.71,62.7,4.12,1.77,4.05,0,,,,
B13,,70.71,71.01,57.2,10,0.76,7.15,0,,,,
B13,,71.01,72.53,63.8,3.6,1.02,3.75,0,,,,
B13,,72.53,74.05,60.5,4.8,4.6,8.53,0,,,,
B13,,74.05,75.88,66.3,1.8,0.67,2.3,0,,,,
B13,,75.88,78.02,63,4.8,1.79,2.8,0,,,,
B13,,78.02,80.47,65.6,3,0.99,1.9,0,,,,
B13,,80.47,83.2,66.2,3,0.64,1.4,0,,,,
B13,,83.2,87.78,45.3,32.8,0.88,1.03,0,,,,
B13,,87.78,88.39,48,27,3.35,0.5,0,,,,
B13,,88.39,91.31,39,41.6,0.91,1.2,0,,,,
B13,,91.31,92.32,43,35.4,1.21,1.1,0,,,,
B13,,92.32,93.85,45,33.4,0.85,1.2,0,,,,
B14,,0,3.05,58.3,1.8,7.83,6.4,0,,,,
B14,,3.05,6.1,64.9,0.94,1.24,4.6,0,,,,
B14,,6.1,10.65,61.59,2.23,3.18,5.94,0,,,,
B14,,10.65,12.5,65.5,1.4,0.73,3.8,0,,,,
B14,,12.5,14.3,63.62,2.39,2.06,4.43,0,,,,
B14,,14.3,16.45,64,1.6,1.84,4,0,,,,
B14,,16.45,17.05,64.7,0.08,1.47,4.27,0,,,,
B14,,17.05,19.2,59.6,3,3.8,7.4,0,,,,
B14,,19.2,20.5,57.5,3,5.22,8.95,0,,,,
B14,,20.5,23.15,64,2.18,1.4,4.6,0,,,,
B14,,23.15,24.1,64.3,0.8,1.55,5.4,0,,,,
B14,,24.1,26.3,63.1,2.3,2.96,4,0,,,,
B14,,26.3,28.05,64,1.84,2.36,3.8,0,,,,
B14,,28.05,28.95,64.2,1.4,1.95,4.4,0,,,,
B14,,28.95,31.7,63.6,1.45,2.98,4.1,0,,,,
B14,,31.7,35.05,63.1,1.88,3.44,3.92,0,,,,
B14,,35.05,37.75,65.7,0.8,2.21,2.64,0,,,,
B14,,37.75,41.1,67,0.6,0.79,2.5,0,,,,
B14,,41.1,45.4,67.1,0.4,0.65,2.7,0,,,,
B14,,45.4,46.65,66.6,0.76,0.85,2.85,0,,,,
B14,,46.65,48.8,65.8,0.86,0.5,4.35,0,,,,
B14,,48.8,50.3,65.5,0.6,1.21,4.1,0,,,,
B14,,50.3,52.35,64.38,2.13,1.36,4.06,0,,,,
B14,,52.35,55.47,64.8,1.6,1.89,3.45,0,,,,
B14,,55.47,57.95,63.82,2.21,1.41,4.76,0,,,,
B14,,57.95,58.55,64.6,1.58,1.92,3.72,0,,,,
B14,,58.55,60.35,63.7,1.9,1.68,4.93,0,,,,
B14,,60.35,63.1,64.27,1.33,0.94,5.41,0,,,,
B14,,63.1,64.95,63.95,1.68,1.88,4.7,0,,,,
B14,,64.95,66.45,61.5,2,4.55,5,0,,,,
B14,,66.45,68.6,63.44,1.97,1.14,5.82,0,,,,
B14,,68.6,71.35,63.5,2.5,1.38,4.92,0.08,,,,
B14,,71.35,74.45,62.7,3.32,0.9,5.77,0.08,,,,
B14,,74.45,75.95,62.2,4,0.6,6,0.07,,,,
B14,,75.95,77.75,61,7.36,2.16,2.75,0.06,,,,
B14,,77.75,82.65,62.98,2.92,0.99,5.71,0,,,,
B14,,82.65,85.4,61.9,4.04,1.5,5.5,0.07,,,,
B14,,85.4,89.95,59.56,5.03,1.88,6.97,0,,,,
B14,,89.95,90.9,64.1,2.32,1.68,3.99,0.07,,,,
B14,,90.9,93.05,65.4,1.72,1.96,2.3,0.07,,,,
B14,,93.05,93.95,65.5,1.72,1.58,2.6,0.07,,,,
B14,,93.95,96.95,64.2,3.4,0.96,3.48,0.07,,,,
B14,,96.95,99.1,65.7,1.8,1.01,2.8,0.07,,,,
B14,,99.1,99.7,62.1,4,2.8,3.9,0,,,,
B14,,99.7,100.3,55.4,13.6,3.98,2.7,0,,,,
B14,,100.3,102.75,60.8,9,0.98,2.6,0.06,,,,
B14,,102.75,104.9,57.9,12,0.42,4.2,0.06,,,,
B14,,104.9,105.8,48.8,26.6,0.7,2.72,0,,,,
B15,,0,1.52,60.3,1.2,2.48,9.6,0,,,,
B15,,1.52,2.13,54.6,6.8,6.88,7.7,0,,,,
B15,,2.13,3.35,64.4,0.82,1.34,5.35,0,,,,
B15,,3.35,4.57,60,3.3,4.07,6.32,0,,,,
B15,,4.57,5.79,63.8,1.02,1.05,6.4,0,,,,
B15,,5.79,7.01,58.6,3.6,4.3,7.8,0,,,,
B15,,7.01,7.92,64.5,1.2,0.55,5.6,0,,,,
B15,,7.92,11.48,58.5,3.6,5.51,8.71,0,,,,
B15,,11.48,13.64,3.2,5.51,8.3,0,2,,,,
B15,,13.64,15.45,3.6,4.52,9,0,2,,,,
B15,,15.45,17.05,58.8,2.54,4.4,8.45,0,,,,
B15,,17.05,18.3,61.54,1.18,2,8.35,0,,,,
B15,,18.3,19.6,52.4,3,9.88,11.59,0,,,,
B15,,19.6,21.95,57.5,2.44,5.47,9.26,0,,,,
B15,,21.95,25.29,64.9,1.02,2.57,3.2,0,,,,
B15,,25.29,27.41,66.7,1,1.12,2.2,0,,,,
B15,,27.41,29.35,66.9,1,0.02,2.7,0,,,,
B15,,29.35,31.6,64.5,1.6,0.61,5.3,0,,,,
B15,,31.6,34.92,63.8,1.6,1.25,5.5,0,,,,
B15,,34.92,37.5,64.3,2.4,1.01,4.3,0,,,,
B15,,37.5,38.1,63.4,1.7,1.98,5.1,0,,,,
B15,,38.1,39.93,64.2,2.44,1.35,4.1,0,,,,
B15,,39.93,42.7,64.1,1.78,2.38,3.7,0,,,,
B15,,42.7,45.75,65.6,1.72,0.6,3.49,0,,,,
B15,,45.75,48.55,65.6,1.76,0.65,3.48,0,,,,
B15,,48.55,50.35,65.4,1.98,0.98,3,0,,,,
B15,,50.35,53.45,67.2,1.1,0.52,2,0,,,,
B15,,53.45,56.5,64.3,3.12,1.03,3.6,0,,,,
B15,,56.5,59.25,65.1,1.8,1.01,3.8,0,,,,
B15,,59.25,62.1,65.2,1.6,0.86,4,0,,,,
B15,,62.1,63.35,63.7,1.44,0.62,6.55,0.09,,,,
B15,,63.35,67.6,63.5,2.34,1.63,4.82,0,,,,
B15,,67.6,68.55,62.7,1.2,1.49,7.15,0,,,,
B15,,68.55,69.75,57.6,12.12,0.62,4,0.08,,,,
B15,,69.75,72.8,46.3,27.44,2.94,3,0,,,,
B15,,72.8,77.1,37.1,43.4,1.72,1.4,0,,,,
B15,,77.1,80.8,43.6,33.8,1.85,1.6,0.09,,,,
B16,,0,2.1,59.6,3.2,6.81,4.16,0,,,,
B16,,2.1,3.05,58.52,4.44,4.78,6.64,0,,,,
B16,,3.05,4.55,60,3.4,4.54,5.7,0,,,,
B16,,4.55,5.45,58.5,5.36,3.98,6.5,0,,,,
B16,,5.45,6.1,63.8,1.7,1.57,5.2,0,,,,
B16,,6.1,6.72,64,2.1,1.58,4.5,0,,,,
B16,,6.72,8.25,63.1,2.4,2.83,4,0,,,,
B16,,8.25,8.85,65.6,1,0.77,3.98,0.06,,,,
B16,,8.85,10.7,60.7,3.1,3.6,6,0,,,,
B16,,10.7,12.2,62.7,2,2.67,5.27,0,,,,
B16,,12.2,12.85,63.6,0.7,1.8,6.1,0.07,,,,
B16,,12.85,15.25,54.4,7.3,4.46,9.95,0.07,,,,
B16,,15.25,17.35,64.3,0.6,2.25,4.7,0,,,,
B16,,17.35,18.6,64.5,0.52,1.7,5.1,0,,,,
B16,,18.6,19.5,64.6,1.46,1.66,4.2,0,,,,
B16,,19.5,22.2,63.83,1.43,2.48,4.66,0,,,,
B16,,22.2,25.9,63.8,0.9,1.67,5.6,0.07,,,,
B16,,25.9,29.3,65.5,1.4,0.85,3.6,0.07,,,,
B16,,29.3,30.2,63.1,2.04,3.63,3.6,0.07,,,,
B16,,30.2,31.1,66.1,0.8,1.24,2.5,0,,,,
B16,,31.1,32.95,65.5,1.14,1.7,3,0.07,,,,
B16,,32.95,35.3,63.93,1.36,2.98,3.94,0,,,,
B16,,35.3,36.65,64.1,1.6,2.04,2.2,0,,,,
B16,,36.65,39.05,64.55,1.36,2.03,3.86,0,,,,
B16,,39.05,43,64.57,1.14,1.56,4.47,0,,,,
B16,,43,45.45,63.8,2.6,2.07,3.07,0,,,,
B16,,45.45,46.95,64,0.86,2.72,4.6,0,,,,
B16,,46.95,49.6,63.2,1.1,1.76,6.3,0,,,,
B16,,49.6,53.5,63.9,1,1.57,5.6,0,,,,
B16,,53.5,56.65,63.2,1,0.7,7.5,0,,,,
B16,,56.65,60.6,61.1,3.16,1.41,7.66,0,,,,
B16,,60.6,62.45,65.7,1.64,0.65,3.36,0,,,,
B16,,62.45,63.65,64.6,2,1.08,4.1,0,,,,
B16,,63.65,66.45,62.3,5.8,1.25,3.4,0,,,,
B16,,66.45,70.35,64,1.4,1.88,4.8,0,,,,
B16,,70.35,73.1,63.6,1.6,2.65,4.36,0,,,,
B16,,73.1,75.6,64.7,2.86,0.72,3.49,0,,,,
B16,,75.6,79,65.5,2.5,1.83,1.5,0,,,,
B16,,79,79.95,26.1,60.2,0.89,1.1,0,,,,
B17,,0,0.9,51.8,5,9.4,11,0,,,,
B17,,0.9,4.85,57.61,1.79,5.84,9.47,0,,,,
B17,,4.85,7.6,60.8,2.6,3.82,6.1,0,,,,
B17,,7.6,10.35,65.9,0.8,1.32,3.2,0,,,,
B17,,10.35,12.5,62.3,1.2,3.25,6,0,,,,
B17,,12.5,15.25,61.9,1.3,4.28,5.4,0.07,,,,
B17,,15.25,16.75,62.6,1.8,3.58,4.6,0.07,,,,
B17,,16.75,18.3,64.28,0.16,2.76,3.58,0,,,,
B17,,18.3,18.9,64.3,1.5,3.25,2.8,0.07,,,,
B17,,18.9,19.5,65.7,0.82,1.55,3.28,0,,,,
B17,,19.5,20.1,63.4,0.96,3.75,4.17,0,,,,
B17,,20.1,21.95,65.1,0.8,1.5,4.15,0.06,,,,
B17,,21.95,25.1,65.3,0.7,2.42,3,0.05,,,,
B17,,25.1,26.25,64.3,0.86,3.48,3.32,0,,,,
B17,,26.25,29.3,66.2,0.56,2.1,2.28,0,,,,
B17,,29.3,31.4,66.6,1.4,1.16,1.8,0.06,,,,
B17,,31.4,32,67.7,0.74,0.65,1.5,0.06,,,,
B17,,32,34.55,67.8,0.6,0.5,1.7,0,,,,
B17,,34.55,36.6,66.4,1.12,0.98,2.5,0.05,,,,
B17,,36.6,38.1,58.5,12.96,0.7,2.25,0,,,,
B17,,38.1,40.85,54,19.6,1.08,1.8,0.08,,,,
B17,,40.85,41.8,40.7,36,3.8,1.4,0,,,,
B18,,0,0.9,57.2,5.6,6.6,5.4,0,,,,
B18,,0.9,3.05,64,1.4,2.16,4.4,0.06,,,,
B18,,3.05,6.1,64.3,1.08,0.66,5.91,0,,,,
B18,,6.1,7.6,59.6,3.58,4.69,6.01,0,,,,
B18,,7.6,9.15,64.1,1.62,0.72,5.8,0.05,,,,
B18,,9.15,11.6,63.8,1.3,1.17,6.1,0,,,,
B18,,11.6,12.2,61.4,3,3.2,5.5,0.05,,,,
B18,,12.2,15.25,63.3,1.2,0.75,6.4,0.06,,,,
B18,,15.25,17.8,65,0.8,1.65,4.3,0,,,,
B18,,17.8,19.2,58.6,3.2,4.82,7.7,0,,,,
B18,,19.2,20.7,50.6,5,9.4,12.5,0,,,,
B18,,20.7,25.9,56.6,2.9,2.78,12.9,0,,,,
B18,,25.9,31.4,49.8,3.6,14.68,10,0.08,,,,
B18,,31.4,33.25,62.7,0.8,1.62,7.4,0.06,,,,
B18,,33.25,35.4,60.7,1.4,2.74,8.5,0,,,,
B18,,35.4,36.6,64.3,0.74,1.1,5.75,0,,,,
B18,,36.6,37.2,59.2,1.66,4.89,8.26,0.06,,,,
B18,,37.2,38.1,59,1.36,3.77,10.1,0.09,,,,
B18,,38.1,40.5,61.6,1.54,1.77,8.3,0,,,,
B18,,40.5,42.32,59.5,1.8,2.52,10.2,0.09,,,,
B18,,42.32,42.65,59,1.1,3.44,10.6,0,,,,
B18,,42.65,44.75,56.6,2.8,4.86,10.9,0,,,,
B18,,44.75,45.7,60,1.1,2.65,10,0,,,,
B18,,45.7,48.75,62.7,0.9,2.46,6.5,0.1,,,,
B18,,48.75,51.5,63.8,1,2.05,5.25,0,,,,
B18,,51.5,52.1,63.3,1,1.45,6.55,0,,,,
B18,,52.1,53.35,61.3,1.4,3.26,7.2,0.13,,,,
B18,,53.35,56.4,61.2,1.72,1.07,9.2,0,,,,
B18,,56.4,60.05,62,1,1.54,8.35,0,,,,
B18,,60.05,62.5,62.9,1.6,1.1,6.9,0.08,,,,
B18,,62.5,67.7,64,1.78,0.8,5.7,0.05,,,,
B18,,67.7,68.6,64.6,1,1.72,3.82,0.05,,,,
B18,,68.6,70.15,64.1,1.6,2.24,4,0,,,,
B18,,70.15,71.05,64.7,2,0.65,4.4,0,,,,
B18,,71.05,75,61.7,2,1.47,7.9,0.07,,,,
B18,,75,75.3,62.6,3.8,0.74,5.5,0,,,,
B18,,75.3,77.45,62,3.6,0.63,5.8,0,,,,
B18,,77.45,78.65,64.7,2.8,0.68,3.8,0,,,,
B18,,78.65,79.9,58.1,8.8,2.82,4.8,0.08,,,,
B18,,79.9,82,57.6,10.22,3.14,3.77,0.07,,,,
B18,,82,83.85,46.9,27.82,1.81,3,0,,,,
B19,,0,2.1,59.9,2,3.78,8,0.06,,,,
B19,,2.1,4.6,62.9,1.2,1.6,6.8,0,,,,
B19,,4.6,5.8,59.4,3.6,5.02,8.8,0.07,,,,
B19,,5.8,9.15,65.3,0.8,1.3,4,0.06,,,,
B19,,9.15,11.89,63.7,1.6,3.57,3.3,0.07,,,,
B19,,11.89,12.2,64.65,1.6,2.05,3.4,0.08,,,,
B19,,12.2,14.02,63.6,1.4,2.24,4.9,0,,,,
B19,,14.02,16.74,65,1,1.1,4.5,0.08,,,,
B19,,16.74,19.79,65.4,0.8,0.68,4.7,0.05,,,,
B19,,19.79,21.59,65.3,1.2,0.08,4.4,0.07,,,,
B19,,21.59,22.24,66.7,1.6,0.46,2.2,0,,,,
B19,,22.24,24.1,64.8,2.1,0.08,4.2,0.07,,,,
B19,,24.1,26.55,65.25,1.3,0.89,4.1,0,,,,
B19,,26.55,29.25,66,1.4,0.02,3.6,0,,,,
B19,,29.25,30.47,65.4,1,0.58,3.5,0.08,,,,
B19,,30.47,33.49,64.6,0.9,2.95,3.3,0.06,,,,
B19,,33.49,33.8,65.1,1.5,2.46,2.5,0.07,,,,
B19,,33.8,36.55,66,1.44,1.87,1.9,0.07,,,,
B19,,36.55,38.1,63.5,0.8,0.65,7.4,0.09,,,,
B19,,38.1,39.6,63.9,1,1.2,6,0,,,,
B19,,39.6,41.45,64.3,1.2,0.6,5.9,0.11,,,,
B19,,41.45,43,64.3,1.6,2.46,3.59,0,,,,
B19,,43,45.45,64.6,1.04,2.08,4.2,0.08,,,,
B19,,45.45,46.05,64.8,1.6,1.76,3.7,0,,,,
B19,,46.05,47.3,64.6,1,2.12,4.4,0.11,,,,
B19,,47.3,49.72,62.9,1.4,2.48,6,0,,,,
B19,,49.72,51.87,60.9,3.38,1.18,7.86,0,,,,
B19,,51.87,53.67,62.2,1.34,1.7,7.51,0.12,,,,
B19,,53.67,54.57,62.7,1.5,2,6.4,0.09,,,,
B19,,54.57,57.02,60.5,2.2,3.4,7.4,0,,,,
B19,,57.02,59.15,64.8,1,1.15,4.75,0,,,,
B19,,59.15,61.87,64,1,1.58,5.6,0,,,,
B19,,61.87,64.92,64.2,0.94,0.75,7.71,0.06,,,,
B19,,64.92,68.02,63.4,2,1.04,5.9,0.08,,,,
B19,,68.02,71.02,64.5,1,1.06,5.3,0,,,,
B19,,71.02,72.82,64.4,1.02,1.18,5.29,0.06,,,,
B19,,72.82,75.87,63.5,1,2.1,5.69,0,,,,
B19,,75.87,78.57,61.8,7.65,1.07,2.51,0,,,,
B19,,78.57,81.59,63.3,1.6,1.28,6,0,,,,
B19,,81.59,84.34,64.5,1.24,1.58,4.45,0,,,,
B19,,84.34,86.74,64.9,1.8,0.68,4.3,0,,,,
B19,,86.74,88.89,65.2,1.14,0.84,4.43,0.06,,,,
B19,,88.89,91.64,64.9,1.6,1.13,4.64,0,,,,
B20,,0,6.1,41.5,37.6,1.15,1.5,0.05,,,,
B20,,6.1,9.15,62.9,6,1.63,2,0.07,,,,
B20,,9.15,11.25,63.6,6,0.88,2.3,0.07,,,,
B20,,11.25,13.4,63.3,2.6,3.78,2.8,0,,,,
B20,,13.4,16.1,62.3,4.1,2.41,4,0,,,,
B20,,16.1,18.55,64.4,3.4,1.11,3,0.04,,,,
B20,,18.55,20.7,66,2.5,0.62,2,0.06,,,,
B20,,20.7,22.85,65.6,2.5,0.69,2.5,0.07,,,,
B20,,22.85,25.3,61.5,4,3.95,3.6,0.07,,,,
B20,,25.3,28.34,60,2.8,4.4,6.5,0,,,,
B20,,28.34,31.4,64,1.8,0.68,5.7,0.07,,,,
B20,,31.4,32.92,64.2,1.4,0.71,5.8,0,,,,
B20,,32.92,35.35,64.8,1,1,4.8,0.04,,,,
B20,,35.35,37.47,66.4,0.8,0.82,3,0,,,,
B20,,37.47,39.32,65.6,2,0.5,3.3,0,,,,
B20,,39.32,41.47,65.5,1.6,0.35,4,0.05,,,,
B20,,41.47,42.37,65.65,1,0.57,4.1,0.05,,,,
B20,,42.37,44.82,65.45,1.6,0.59,3.8,0,,,,
B20,,44.82,47.27,66.5,1.8,0.54,2.2,0,,,,
B20,,47.27,49.42,66.7,1.8,0.45,2,0.05,,,,
B20,,49.42,50.92,66.6,2.4,0.36,1.8,0,,,,
B20,,50.92,54.27,66.4,2,0.55,2,0.04,,,,
B20,,54.27,55.52,63.5,1.8,1.6,6.3,0,,,,
B20,,55.52,58.65,64.6,2.8,2.32,2,0,,,,
B20,,58.65,61,65.8,1,2.04,2.5,0.06,,,,
B20,,61,64.05,65.9,1,1.86,2.4,0,,,,
B20,,64.05,64.95,41.5,35,2.1,3.1,0.07,,,,
B21,,0,0.9,61.6,2.4,4.17,5.2,0.08,,,,
B21,,0.9,4.57,62.4,0.8,2.9,6.6,0,,,,
B21,,4.57,7.62,64.3,1,2,4.6,0.08,,,,
B21,,7.62,10.67,64.2,1.4,0.87,5.5,0,,,,
B21,,10.67,13.41,65,0.6,0.8,5.2,0,,,,
B21,,13.41,14.63,64.2,0.8,1.9,4.9,0.07,,,,
B21,,14.63,17.38,65.2,0.6,0.96,4.7,0,,,,
B21,,17.38,19.21,66,1.2,0.4,3.7,0.05,,,,
B21,,19.21,20.73,66,1,0.35,4,0.04,,,,
B21,,20.73,22.85,66.5,1.2,2.42,3,0.08,,,,
B21,,22.85,25.88,66.6,1.2,0.42,3,0.09,,,,
B21,,25.88,28.32,65.8,1,1.22,3,0,,,,
B21,,28.32,29.54,62.7,2.4,3.14,4.8,0,,,,
B21,,29.54,32.28,63.9,0.8,1.07,6.3,0.08,,,,
B21,,32.28,34.71,64.8,1.8,0.74,4.8,0.06,,,,
B21,,34.71,37.18,64,0.9,1.03,4.8,0.06,,,,
B21,,37.18,39.3,63.8,0.9,0.98,6.5,0.07,,,,
B21,,39.3,41.43,64.6,1.9,0.56,4.8,0.08,,,,
B21,,41.43,44.47,64.6,2,0.52,4.7,0,,,,
B21,,44.47,47.3,64,2.04,1.68,4.7,0,,,,
B21,,47.3,49.41,61.8,1.64,0.89,9.5,0,,,,
B21,,49.41,51.54,63.5,2.22,2.57,3.95,0.1,,,,
B21,,51.54,54,59.7,1.78,5.79,6.55,0.08,,,,
B21,,54,54.61,60.6,2.06,5.38,5.4,0,,,,
B21,,54.61,57.05,60.7,1.6,5.59,5.51,0.07,,,,
B21,,57.05,60.55,63.1,1.82,2.1,5.47,0,,,,
B21,,60.55,61.61,49.3,21,2.52,5.5,0.07,,,,
B22,,0,1.52,50.2,7.4,11.71,8.6,0,,,,
B22,,1.52,2.42,63.4,1.2,1.88,5.8,0.07,,,,
B22,,2.42,3.95,61.8,1.6,3.73,5.3,0,,,,
B22,,3.95,4.87,65.9,1.2,1.05,3,0,,,,
B22,,4.87,5.77,64.4,0.8,2.81,3.8,0.06,,,,
B22,,5.77,7.62,65.6,0.6,1.69,3.6,0,,,,
B22,,7.62,9.15,56.5,4,6.44,8,0,,,,
B22,,9.15,10.05,64.8,1,1.43,4.4,0.05,,,,
B22,,10.05,11.57,58,2.4,5.14,9,0.09,,,,
B22,,11.57,12.77,58.3,1.6,5.03,9.5,0,,,,
B22,,12.77,13.67,53.3,1,9.75,12.5,0.06,,,,
B22,,13.67,16.74,63.3,0.4,1.84,6.7,0.07,,,,
B22,,16.74,18.25,55.7,1.6,6.15,12,0,,,,
B22,,18.25,18.85,62.2,2.4,1.6,6.5,0.07,,,,
B22,,18.85,19.75,60.6,1,3.25,8.6,0,,,,
B22,,19.75,21,59.1,1,4,10,0.06,,,,
B22,,21,24.05,57.2,0.8,5.1,11.8,0,,,,
B22,,24.05,26.17,63.6,1.4,1.95,5.3,0.06,,,,
B22,,26.17,29.22,65.5,1.6,0.56,3.7,0.06,,,,
B22,,29.22,30.74,65.2,1.4,0.84,4,0,,,,
B22,,30.74,33.45,62.5,2,3.32,4.8,0.07,,,,
B22,,33.45,35.65,63.5,2.2,2,4.5,0,,,,
B22,,35.65,36.9,66.2,1,1.2,2.5,0.07,,,,
B22,,36.9,37.8,64.1,1.02,1.92,6.01,0,,,,
B22,,37.8,38.4,63.4,2.88,2.91,3.05,0,,,,
B22,,38.4,41.48,63.6,1.02,1.92,6.01,0,,,,
B22,,41.48,43.59,64.7,0.6,1.68,4.8,0.08,,,,
B22,,43.59,45.74,63.7,0.8,1.01,6.8,0,,,,
B22,,45.74,47.84,65.7,0.9,0.75,4.1,0.07,,,,
B22,,47.84,50.25,64.7,0.9,0.75,5.5,0.07,,,,
B22,,50.25,52.98,63.6,0.9,1.1,6.7,0,,,,
B22,,52.98,53.28,63.9,1.22,1.4,5.6,0.08,,,,
B22,,53.28,56.6,62.8,1.9,1.35,6.5,0,,,,
B22,,56.6,58.7,62.4,1.1,0.87,8.5,0.07,,,,
B22,,58.7,61.57,62.6,1.2,1.39,7.6,0.07,,,,
B22,,61.57,63.39,64.2,1,0.46,6.5,0.07,,,,
B22,,63.39,64,65.8,1.1,0.72,3.8,0,,,,
B22,,64,66.12,64.4,0.82,1.2,5.49,0,,,,
B22,,66.12,67.05,64.8,1.2,0.16,5.2,0.08,,,,
B22,,67.05,67.95,62.9,0.86,0.84,8,0,,,,
B22,,67.95,69.5,66,1.58,1.1,2.59,0.07,,,,
B22,,69.5,70.45,63.2,1.1,1.22,6.9,0.08,,,,
B22,,70.45,71.95,65,1.4,1.15,4.1,0,,,,
B22,,71.95,73.75,65.8,1.6,1.62,2.25,0,,,,
B22,,73.75,76.85,65.2,1.82,0.67,3.87,0,,,,
B22,,76.85,77.5,62.9,1.18,0.92,7.41,0,,,,
B22,,77.5,78.7,63.8,2.58,1.29,4.6,0,,,,
B22,,78.7,82.4,60.8,8.4,1.65,2.5,0.08,,,,
B22,,82.4,85.7,60.1,9.62,0.92,3.01,0,,,,
B22,,85.7,88.4,62.6,1.46,3.03,5.4,0.08,,,,
B22,,88.4,89.92,52.2,16.58,1.86,6.4,0,,,,
B23,,0,1.8,64,1,2.38,3.5,0,,,,
B23,,1.8,4.85,65,2.4,0.95,3.4,0,,,,
B23,,4.85,6.1,64.5,0.64,2.76,3.95,0.04,,,,
B23,,6.1,7,58.9,0.6,5.87,8.8,0.09,,,,
B23,,7,10.65,64,0.58,2.9,4.5,0,,,,
B23,,10.65,12.2,63.7,0.84,1.57,6.2,0,,,,
B23,,12.2,13.7,63.9,1.2,0.45,6.3,0,,,,
B23,,13.7,15.2,64.3,0.8,1.55,5.3,0.08,,,,
B23,,15.2,16.75,62.7,1.4,0.75,7.7,0,,,,
B23,,16.75,20.4,63.4,0.9,2.54,5.4,0,,,,
B23,,20.4,22.85,62.8,0.76,1.68,7.3,0.08,,,,
B23,,22.85,25.3,63.5,0.84,1.05,6.9,0,,,,
B23,,25.3,27.45,63.6,1.6,0.46,7.5,0,,,,
B23,,27.45,29.6,63.1,1,1.07,7.35,0.07,,,,
B23,,29.6,31.4,63.4,1.2,1,6.79,0,,,,
B23,,31.4,33.8,63.8,0.8,0.72,6.95,0.07,,,,
B23,,33.8,35.65,63.7,0.8,0.76,7,0,,,,
B23,,35.65,37.5,63.2,0.6,1.42,7,0.05,,,,
B23,,37.5,38.4,62.5,1,1.5,7.5,0,,,,
B23,,38.4,41.15,63.9,0.98,1.09,6.19,0,,,,
B23,,41.15,44.8,66.1,0.9,1.23,3,0.07,,,,
B23,,44.8,45.75,65.9,0.8,1.21,3.4,0,,,,
B23,,45.75,47.55,67,1.36,0.55,2.03,0.06,,,,
B23,,47.55,48.15,63.7,1.28,0.84,6.49,0,,,,
B23,,48.15,50.6,64.9,2.72,0.8,3.27,0.07,,,,
B23,,50.6,53.96,62.7,4.52,1.12,4.19,0,,,,
B23,,53.96,54.91,65,1.98,0.64,4.03,0.06,,,,
B23,,54.91,56.91,53.7,13.08,2.85,6.68,0,,,,
B23,,56.91,59.43,66.1,1.4,0.56,2.5,0.08,,,,
B23,,59.43,62.55,67,1,0.52,2,0,,,,
B23,,62.55,64.65,66,3.38,0.56,1.29,0.06,,,,
B23,,64.65,67.1,54,20.08,1,1.26,0,,,,
B23,,67.1,74.7,48.6,27.16,1.68,1.3,0.07,,,,
B24,,0,2.12,61.2,3.38,4.1,4.5,0.07,,,,
B24,,2.12,3.96,59.4,2,6.56,6,0.08,,,,
B24,,3.96,6.1,63.4,1.4,3.44,4,0,,,,
B24,,6.1,7.41,64.4,1,2.41,4,0.07,,,,
B24,,7.41,9.15,35.2,17.8,19.1,12,0,,,,
B24,,9.15,9.45,56.4,3.5,7.75,7.6,0.07,,,,
B24,,9.45,11.28,52.6,2.2,11.1,10.9,0.08,,,,
B24,,11.28,12.79,47.9,7.8,11.7,11.2,0,,,,
B24,,12.79,14.29,61.7,2.1,3.48,5.7,0,,,,
B24,,14.29,14.9,64,0.8,0.84,6.5,0.07,,,,
B24,,14.9,17.37,64.9,1,1.2,4.5,0.07,,,,
B24,,17.37,19.5,65.9,0.8,0.75,3.7,0,,,,
B24,,19.5,20.11,63.8,1.2,1.7,5.5,0.07,,,,
B24,,20.11,21.94,65.1,1.84,1.85,2.85,0,,,,
B24,,21.94,24.68,66.6,0.9,0.72,2.8,0.08,,,,
B24,,24.68,26.2,65.5,2.2,1.9,1.8,0,,,,
B24,,26.2,29.25,64,2.62,1.68,3.79,0.07,,,,
B24,,29.25,31.1,63.8,2.74,1.87,3.75,0,,,,
B24,,31.1,33.55,66.5,2.16,0.45,1.83,0.07,,,,
B24,,33.55,35.4,66,2.66,0.55,2.06,0,,,,
B24,,35.4,40.01,60.9,5.9,2.92,3.6,0,,,,
B24,,40.01,41.83,34.4,47.3,0.96,2.2,0.07,,,,
B25,,0,1.8,55.8,5.9,8.1,5.2,0.08,,,,
B25,,1.8,3.95,50.7,4.9,13,8.7,0,,,,
B25,,3.95,7,54.9,4.8,9,6.8,0.07,,,,
B25,,7,9.15,54.5,4.2,9.66,7.3,0,,,,
B25,,9.15,12.2,52.2,3.88,13.02,7.43,0.05,,,,
B25,,12.2,15.25,61.2,3.1,4.85,3.8,0,,,,
B25,,15.25,18.3,60.3,2.1,4.37,6.6,0.08,,,,
B25,,18.3,19.8,61.8,1,3.83,6,0.06,,,,
B25,,19.8,22.85,59.9,3.7,4.35,5.5,0,,,,
B25,,22.85,25.4,64.7,3.02,2.39,1.66,0.05,,,,
B25,,25.4,28.35,65.7,2.08,2.06,1.51,0,,,,
B25,,28.35,31.1,62.6,4,2.8,3,0.06,,,,
B25,,31.1,33.55,65.9,2,1.26,2,0,,,,
B25,,33.55,35.7,61.1,8.28,2.15,1.7,0,,,,
B25,,35.7,45.75,40.2,39.64,1.42,1,0.08,,,,
B26,,0,1.82,52.7,5.36,11.59,6.65,0,,,,
B26,,1.82,4.58,56,4,9.4,5.5,0.07,,,,
B26,,4.58,5.19,54.5,3,11.26,6.8,0,,,,
B26,,5.19,6.1,64.7,0.9,3.1,2.8,0.08,,,,
B26,,6.1,9.75,52.2,5.8,12.65,6.1,0,,,,
B26,,9.75,13.02,44.6,10.5,17.14,7.02,0.07,,,,
B26,,13.02,15.45,41.6,14.76,15.96,8.29,0,,,,
B26,,15.45,16.97,57,3.36,7.56,6.57,0.08,,,,
B26,,16.97,18.85,52.7,5.4,9.94,8.5,0,,,,
B26,,18.85,24.02,50.2,6.4,11.21,9.6,0,,,,
B26,,24.02,27.06,56.6,1.9,6.62,9.75,0.08,,,,
B26,,27.06,31.41,52.6,4.8,9.28,9.7,0,,,,
B26,,31.41,34.13,51.9,4.12,9.68,10.98,0.07,,,,
B26,,34.13,39.31,30.5,19.02,24.96,11.39,0,,,,
B26,,39.31,40.53,22.5,30.2,25.5,10.86,0.07,,,,
B26,,40.53,47.78,52.2,10.8,8.55,6,0,,,,
B26,,47.78,50.57,65.6,2.38,2.07,1.33,0.07,,,,
B26,,50.57,54.65,40.6,37.84,2.26,1.44,0,,,,
B27,,0,2.1,59.6,2.68,4.5,6.8,0.07,,,,
B27,,2.1,5.15,61.6,1.04,3.39,6.79,0,,,,
B27,,5.15,9.15,65.3,1.42,2.26,2.54,0,,,,
B27,,9.15,11.25,61.9,2.2,4,4.4,0.07,,,,
B27,,11.25,14.61,63,0.7,2.8,5.7,0,,,,
B27,,14.61,16.45,62.9,0.76,2.44,6.17,0.07,,,,
B27,,16.45,17.05,62.83,1.52,1.96,6,0,,,,
B27,,17.05,19.8,54.2,3.76,11.42,6.32,0,,,,
B27,,19.8,22.85,56.5,4.2,9.1,5.05,0,,,,
B27,,22.85,25.6,57.12,3.31,7.99,7.12,0,,,,
B27,,25.6,26.5,61.2,2.04,2.79,7,0,,,,
B27,,26.5,29.25,46.3,12.36,12.86,7.9,0,,,,
B27,,29.25,30.5,61.7,2.96,2.86,5.3,0.08,,,,
B27,,30.5,33.55,64.2,2.24,0.97,4.59,0.07,,,,
B27,,33.55,36.9,63.5,1.36,1.68,5.55,0,,,,
B27,,36.9,39.95,65,1.2,0.45,5,0,,,,
B27,,39.95,41.45,65.3,1.4,0.84,4.05,0,,,,
B27,,41.45,44.8,65.3,2.16,1.01,3.1,0,,,,
B27,,44.8,48.15,65.1,1.8,1.31,3.5,0.07,,,,
B27,,48.15,51.85,65.4,1.6,1.38,3.2,0,,,,
B27,,51.85,55.8,66,1.5,0.66,3.1,0.07,,,,
B27,,55.8,58.55,60.6,9,0.6,3.3,0,,,,
B27,,58.55,61.9,50.1,25.4,1.12,1.35,0.08,,,,
B27,,61.9,63.4,51.1,19.5,3.63,3.05,0,,,,
B27,,63.4,64.35,49.3,25.22,1.06,2.82,0,,,,
B28,,0,3.05,63.9,1.43,0.79,6.02,0,,,,
B28,,3.05,6.1,65.4,1.5,1.25,3.44,0,,,,
B28,,6.1,10.05,62.1,7.8,1.13,1.92,0,,,,
B28,,10.05,14.95,40.54,40.18,0.63,1.49,0,,,,
B28,,14.95,16.76,51.33,23.61,0.93,2.24,0,,,,
B28,,16.76,23.86,40.15,40.2,0.88,1.5,0,,,,
B29,,0,4.86,67.7,0.6,0.95,1.35,0.07,,,,
B29,,4.86,7.6,67.6,0.44,1.4,1.15,0,,,,
B29,,7.6,9.43,65.8,0.8,1.54,3.17,0,,,,
B29,,9.43,10.64,65.8,0.9,1.18,3.47,0.07,,,,
B29,,10.64,11.55,62.8,1.6,2.1,6.05,0.07,,,,
B29,,11.55,12.16,66.4,0.8,0.75,3.1,0.07,,,,
B29,,12.16,14.89,64.6,0.9,1.44,4.85,0,,,,
B29,,14.89,15.8,64.3,1.1,1.86,4.6,0,,,,
B29,,15.8,17.02,63.9,1.64,1.74,4.75,0.07,,,,
B29,,17.02,17.93,64.8,1.7,1.72,3.45,0.07,,,,
B29,,17.93,21.64,63.8,1.8,1.56,4.95,0,,,,
B29,,21.64,26.83,64.7,1.42,2.06,3.35,0.07,,,,
B29,,26.83,29.85,65.7,1.16,1.89,2.35,0,,,,
B29,,29.85,32.94,64.4,2.02,2.79,2.7,0.07,,,,
B29,,32.94,36.6,64.5,1.6,2,3.5,0.07,,,,
B29,,36.6,40.55,64.7,1.34,1.32,4.45,0.07,,,,
B29,,40.55,44.05,66.1,2.1,1.62,1.3,0,,,,
B29,,44.05,47.25,63,2.02,2.6,4.7,0.06,,,,
B29,,47.25,50.9,62.8,6.88,1.2,1.52,0,,,,
B29,,50.9,54.55,63.5,1.6,1.3,5.8,0,,,,
B29,,54.55,55.8,63.3,2.18,3.78,2.69,0,,,,
B29,,55.8,58.55,64.1,1.22,1.5,5.1,0.07,,,,
B29,,58.55,61,64.2,1.42,1,5.49,0,,,,
B29,,61,64.02,66.1,2.64,1.23,1.29,0,,,,
B29,,64.02,66.75,65.8,2.38,1.76,1.37,0,,,,
B29,,66.75,69.8,63.2,2.08,1.39,5.45,0.08,,,,
B29,,69.8,70.15,47.3,24,5.76,1.6,0.07,,,,
B30,,0,3.05,52.6,9.98,9.34,4.46,0.07,,,,
B30,,3.05,6.1,53.7,9.12,8.48,4.61,0,,,,
B30,,6.1,9.15,53.4,5.4,10.5,6.88,0.07,,,,
B30,,9.15,13.07,60.9,5.98,3.55,2.59,0,,,,
B30,,13.07,16.14,41.2,39.06,0.97,0.65,0.07,,,,
B30,,16.14,19.19,55.5,14.76,2.44,2.65,0,,,,
B30,,19.19,20.74,54.5,17.54,1.76,2.2,0,,,,
B30,,20.74,21.34,43.6,34.44,0.92,1.85,0.08,,,,
B30,,21.34,24.39,56.5,15.22,1.92,1.57,0,,,,
B30,,24.39,27.74,51.3,23.78,1.22,1.15,0,,,,
B30,,27.74,29.39,37.4,43.4,1.94,0.77,0.07,,,,
B30,,29.39,32.62,59.6,8.2,3.57,0,0,,,,
B30,,32.62,35.97,50.3,17.2,3.79,6.28,0.07,,,,
B30,,35.97,36.6,58.6,11.02,1.23,3.44,0,,,,
B30,,36.6,39.35,60.4,6.82,1.9,4.41,0.07,,,,
B30,,39.35,41.15,49.7,25.4,1.2,1.6,0,,,,
B30,,41.15,43.9,48.9,26.2,1.4,1.9,0.07,,,,
B30,,43.9,47.22,58.9,10.3,0.62,4.5,0,,,,
B30,,47.22,49.37,61.3,6.94,0.82,4.15,0,,,,
B30,,49.37,52.42,54.2,15.6,1.76,4.62,0.09,,,,
B30,,52.42,55.17,61.7,3.84,4.82,2.31,0.08,,,,
B30,,55.17,55.47,62.7,3.42,1.51,4.91,0,,,,
B30,,55.47,56.67,63,2,0.76,6.8,0.08,,,,
B30,,56.67,59.72,61.6,4.9,2.51,3.9,0,,,,
B30,,59.72,60.63,62.6,2.9,1.62,5.4,0,,,,
B30,,60.63,64.27,61.5,3.8,1.88,5.8,0.07,,,,
B30,,64.27,66.12,45.4,28.58,1.8,0,0,,,,
B31,,0,3.95,67.6,1,1,2.2,0,,,,
B31,,3.95,4.55,63.9,0.76,3.14,3.82,0.07,,,,
B31,,4.55,4.85,64.3,1.4,0.96,5.39,0,,,,
B31,,4.85,7,64.9,1.9,1.12,3.75,0,,,,
B31,,7,10.05,65.1,1.48,1.8,3.02,0.07,,,,
B31,,10.05,10.65,64.2,1.7,1.76,4.36,0,,,,
B31,,10.65,11.55,64.6,1.48,1.68,3.96,0,,,,
B31,,11.55,14.3,63.22,1.24,1.27,6.39,0,,,,
B31,,14.3,17.35,65.03,1.15,1.08,4.4,0,,,,
B31,,17.35,20.1,65.4,1.16,0.54,4.5,0.07,,,,
B31,,20.1,22.85,64,1.96,0.84,5.3,0,,,,
B31,,22.85,23.45,65.3,3.36,0.62,2.3,0.08,,,,
B31,,23.45,28.2,53.8,18.76,1.64,1.97,0,,,,
B32,,0,3.66,25.5,27.2,25.78,9.85,0.07,,,,
B32,,3.66,6.4,48.9,6.6,13.36,9.35,0,,,,
B32,,9.45,11.29,55.2,3.6,8.17,8.3,0,,,,
B32,,11.29,12.81,65,2,1.25,3.3,0.07,,,,
B32,,12.81,15.24,60,2.9,6.6,4,0.06,,,,
B32,,15.24,18.59,58.9,4,6.77,4.2,0,,,,
B32,,18.59,20.42,59.4,3.44,5.49,5.43,0,,,,
B32,,20.42,24.4,63.9,3.32,2.47,2.32,0.07,,,,
B32,,24.4,27.44,63.5,3.9,2.18,2.5,0.06,,,,
B32,,27.44,31.08,66.8,2.08,0.91,1.1,0,,,,
B32,,31.08,33.52,64.5,4,1.5,1.8,0,,,,
B32,,33.52,35.94,63.8,4.9,1.96,1.4,0,,,,
B32,,35.94,41.4,65.6,1.7,2.4,1.5,0.07,,,,
B32,,41.4,42,50.3,18.2,6.47,2.4,0.07,,,,
B32,,42,42.6,27.53,58.13,0.92,1.23,0,,,,
B33,,0,5.2,53.6,7.52,8.61,6.5,0,,,,
B33,,5.2,9.15,25.94,28.4,17.8,11.32,0,,,,
B33,,9.15,16.45,18.41,28.75,20.62,12.48,0,,,,
B33,,16.45,19.75,23.43,23.85,14.57,11.92,0,,,,
B33,,19.75,21.55,43.83,10.34,5.68,11.38,0,,,,
B33,,21.55,24.3,46.34,8.25,9.07,11.63,0,,,,
B33,,24.3,27.35,45.78,9.35,2.17,11.24,0,,,,
B33,,27.35,31.35,35.3,18.2,19.42,10.9,0,,,,
B33,,31.35,34.25,35.4,21.8,17.9,8.7,0.08,,,,
B33,,34.25,35,62.54,2.45,1.67,6.33,0,,,,
B33,,35,35.6,20.23,32.99,21.67,10.44,0,,,,
B33,,35.6,38.04,46.9,7.72,14.07,11.27,0,,,,
B33,,38.04,42.29,50.25,9.37,7.44,11.16,0,,,,
B33,,42.29,42.59,51.93,10.38,4.18,10.93,0,,,,
B33,,42.59,43.49,63.65,2.3,1.92,6.2,0,,,,
B33,,43.49,44.14,19.9,29.99,18.62,10.25,0,,,,
B33,,44.14,46.24,32.45,50.08,1.75,1.25,0,,,,
B33,,46.24,47.44,39.32,37.83,2.76,2,0,,,,
B34,,0,3.65,53,4.57,12.12,7.69,0,,,,
B34,,3.65,6.1,56.1,5.27,7.02,5.97,0,,,,
B34,,6.1,9.15,19.7,28.64,31.5,10.71,0.07,,,,
B34,,9.15,11.25,17.8,32.72,28.63,10.9,0.08,,,,
B34,,11.25,12.8,31.8,22.3,21,9.2,0,,,,
B34,,12.8,15.85,21.3,27.6,28.5,12.1,0,,,,
B34,,15.85,21.35,27.2,24.4,23.95,10.25,0,,,,
B34,,21.35,25.9,19.1,29.26,29.23,11.5,0,,,,
B34,,25.9,28.95,32,18.18,23.18,10.87,0.06,,,,
B34,,28.95,30.8,33.7,19.42,19.57,10.79,0,,,,
B34,,30.8,32.3,46.9,9.74,13.83,8.15,0.07,,,,
B34,,32.3,33.55,35.6,22.2,15.4,9.29,0,,,,
B34,,33.55,35.05,43.3,15.6,12.5,9,0.07,,,,
B34,,35.05,36.6,46.6,11.4,11.36,9.6,0,,,,
B34,,36.6,39.65,43.7,16,10.55,9.9,0.08,,,,
B34,,39.65,41.15,47.7,18.5,7.04,5.4,0,,,,
B34,,41.15,44.2,61.4,6.34,2.91,2.45,0.06,,,,
B34,,44.2,47.25,64.7,3.78,1.6,1.71,0,,,,
B34,,47.25,50,64.7,4.4,1.33,1.3,0,,,,
B34,,50,53.05,64.1,3.9,2.39,1.55,0.07,,,,
B34,,53.05,55.8,64.9,3.4,1.64,1.65,0,,,,
B34,,55.8,58.15,60.5,10.4,1.09,1.55,0.07,,,,
B34,,58.15,59.45,37.9,42.76,0.97,1.58,0,,,,
B35,,0,1.5,53,5.36,10.88,7.7,0,,,,
B35,,1.5,4.55,49.37,4.55,15.82,8.71,0,,,,
B35,,4.55,6.4,41.97,8.38,19.92,11.44,0,,,,
B35,,6.4,8.55,53.42,6,9.28,8.05,0,,,,
B35,,8.55,9.15,52.02,5.5,11.3,8.66,0,,,,
B35,,9.15,9.75,54.68,5.12,8.62,7.84,0,,,,
B35,,9.75,11.65,43.27,8.87,16.32,12.51,0,,,,
B35,,11.65,12.85,45.78,7.32,15.02,12.07,0,,,,
B35,,12.85,15.3,55.28,1.72,7.49,11.54,0,,,,
B35,,15.3,18.7,47.74,5.57,15.12,10.88,0,,,,
B35,,18.7,22.01,53.04,5.99,7.56,10.48,0,,,,
B35,,22.01,23.84,26.5,35.27,11.61,8.41,0,,,,
B35,,23.84,26.86,56.39,9.69,4.18,5.2,0,,,,
B35,,26.86,29.93,58.63,10.68,1.42,3.98,0,,,,
B35,,29.93,32.35,54.14,15.12,5.12,2.07,0,,,,
B35,,32.35,33.85,53.86,17.58,3.48,1.85,0,,,,
B35,,33.85,34.3,45.23,32.84,0.79,1.69,0,,,,
B36,,0,1.2,50.25,10.84,9.76,7.52,0,,,,
B36,,1.2,4.55,41.6,15.21,16.62,8.37,0,,,,
B36,,4.55,7.6,25.41,21.9,28.24,13.29,0,,,,
B36,,7.6,10.45,23.31,29.16,25.66,11.89,0,,,,
B36,,10.45,15.25,16.45,34.95,29.32,12.02,0,,,,
B36,,15.25,20.1,23.45,26.96,27.94,11.52,0,,,,
B36,,20.1,24.1,34.07,18.6,20.06,12.23,0,,,,
B36,,24.1,26.25,39.22,12.28,18.64,12.91,0,,,,
B36,,26.25,29,39.08,12.4,18.88,12.38,0,,,,
B36,,29,30.5,50.82,8.52,9.4,9.09,0,,,,
B36,,30.5,32.05,49.97,9.44,9.94,9.17,0,,,,
B36,,32.05,33.55,51.6,5.6,27.6,12.81,0,,,,
B36,,33.55,34.5,50.81,9.4,9.22,8.72,0,,,,
B36,,34.5,37.55,33.46,24.28,16.52,11.5,0,,,,
B36,,37.55,39.07,48.02,15.06,11.66,4.58,0,,,,
B36,,39.07,40.6,55.56,13.38,3.76,3.3,0,,,,
B36,,40.6,43.63,63.93,5.13,1.42,1.62,0,,,,
B36,,43.63,46.4,62.96,6.27,1.84,1.89,0,,,,
B36,,46.4,48.8,63.37,6.21,1.21,1.87,0,,,,
B36,,48.8,51.2,59.74,9.16,3.12,2.16,0,,,,
B36,,51.2,51.8,61.14,7.61,2.72,2.03,0,,,,
B36,,51.8,54,38.8,19.7,17.3,7.24,0,,,,
B36,,54,57.05,63.65,3.38,3.13,2.24,0,,,,
B36,,57.05,60.12,65.05,2.2,2.84,2,0,,,,
B36,,60.12,61.05,65.33,3.2,1.95,1.6,0,,,,
B36,,61.05,61.96,56.53,8.53,4.86,5.34,0,,,,
B36,,61.96,63.78,64.63,3.51,1.86,1.89,0,,,,
B36,,63.78,65.65,57.09,8.98,5.82,3.56,0,,,,
B36,,65.65,68.68,60.86,6.38,3.38,3.02,0,,,,
B36,,68.68,71.7,58.91,11.8,1.64,1.78,0,,,,
B36,,71.7,73.53,43.55,34.42,1.64,1.22,0,,,,
B36,,73.53,77.16,38.36,41.3,1.64,1.73,0,,,,
B36,,77.16,79.9,39.09,41.3,1.16,1.56,0,,,,
B36,,79.9,81.45,39.78,40.7,1.64,0.84,0,,,,
B37,,0,1.85,59.6,4.54,4.68,5.39,0,,,,
B37,,1.85,2.45,60.02,4.34,4.76,4.92,0,,,,
B37,,2.45,4.85,61.42,3.1,3.72,5.52,0,,,,
B37,,4.85,7,60.58,3.4,4.3,5.66,0,,,,
B37,,7,8.5,63.37,1.94,2.8,4.65,0,,,,
B37,,8.5,11.85,62.26,3.28,2.92,4.2,0,,,,
B37,,11.85,13.4,63.37,1.85,2.88,4.63,0,,,,
B37,,13.4,16.15,64.77,1.7,2.38,3.01,0,,,,
B37,,16.15,19.2,64.21,1.48,3.51,3.04,0,,,,
B37,,19.2,20.7,61.7,2.77,5.39,3.42,0,,,,
B37,,20.7,23.5,66.17,1.41,1.92,1.5,0,,,,
B37,,23.5,26.2,64.49,2.01,2.42,2.88,0,,,,
B37,,26.2,28.95,66.6,1.7,1.46,2,0,,,,
B37,,28.95,31.4,64.9,2.66,1.92,2.63,0,,,,
B37,,31.4,34.12,64.9,3.2,1.63,2.16,0,,,,
B37,,34.12,35.95,61.38,5.16,3.63,3.09,0,,,,
B37,,35.95,38.09,64.4,2.66,3.01,1.72,0,,,,
B37,,38.09,41.16,54.2,19.33,1.04,2.13,0,,,,
B37,,41.16,42.06,49.1,28.89,0.42,1.08,0,,,,
B38A,,0,3.05,64.21,1.06,1.92,5.24,0,,,,
B38A,,3.05,4.25,63.09,1.25,2.05,6.51,0,,,,
B38A,,4.25,6.4,59.74,1.24,4.05,9.22,0,,,,
B38A,,6.4,8.8,61.7,1.37,2.84,7.5,0,,,,
B38A,,8.8,12.2,63.37,1.07,3.12,5.07,0,,,,
B38A,,12.2,14,64.21,1.1,1.12,5.88,0,,,,
B38A,,14,16.75,65.89,1.22,1.04,3.49,0,,,,
B38A,,16.75,20.1,65.33,1.55,0.92,3.9,0,,,,
B38A,,20.1,23.15,64.49,0.83,2.16,4.74,0,,,,
B38A,,23.15,25.6,62.26,1.24,4.74,4.77,0,,,,
B38A,,25.6,28.95,62.54,1.21,4.24,4.97,0,,,,
B38A,,28.95,31.1,62.82,1.31,3.96,4.71,0,,,,
B38A,,31.1,34.15,63.65,2.41,1.38,4.93,0,,,,
B38A,,34.15,37.15,62.8,2.4,2.62,4.68,0.07,,,,
B38A,,37.15,40.25,62.54,1.78,2.05,6.75,0,,,,
B38A,,40.25,43.55,61.7,3.16,1.45,7.19,0,,,,
B38A,,43.55,45.75,61.76,3.38,1.14,7.1,0,,,,
B38A,,45.75,49.1,62.54,1.9,1.03,7.45,0,,,,
B38A,,49.1,51.85,60.86,5.85,0.79,6.07,0,,,,
B38A,,51.85,53.35,50.11,11.83,7.88,8.4,0,,,,
B38A,,53.35,56.4,62.82,2.29,0.84,6.97,0,,,,
B38A,,56.4,59.45,61.98,6.92,0.71,3.8,0,,,,
B38A,,59.45,60.05,50.95,23.61,0.64,2.73,0,,,,
B38A,,60.05,62.5,44.95,31.38,0.77,3.48,0,,,,
B39B,,0,2.12,59.74,3.08,5.08,6.42,0,,,,
B39B,,2.12,5.82,64.35,1.58,2.51,3.68,0,,,,
B39B,,5.82,8.66,65.61,0.82,1.43,3.86,0,,,,
B39B,,8.66,11.29,61.42,0.77,4.28,6.96,0,,,,
B39B,,11.29,14.32,62.4,0.68,3.62,6.11,0,,,,
B39B,,14.32,16.75,61.98,0.62,3.3,7.23,0,,,,
B39B,,16.75,17.81,64.07,0.93,2.05,5.12,0,,,,
B39B,,17.81,19.8,60.58,0.6,2.65,9.77,0,,,,
B39B,,19.8,21.32,61.14,0.72,2.8,8.81,0,,,,
B39B,,21.32,22.85,63.23,0.67,1.16,7.34,0,,,,
B39B,,22.85,24.35,62.4,0.7,2.13,7.47,0,,,,
B39B,,24.35,26.37,57.65,0.7,5.08,11.5,0,,,,
B39B,,26.37,28.62,62.26,0.6,3,7.23,0,,,,
B39B,,28.62,30.12,64.21,0.86,1.94,5.4,0,,,,
B39B,,30.12,30.44,63.93,0.56,2.54,5.54,0,,,,
B39B,,30.44,32.85,63.09,0.72,1.67,7.27,0,,,,
B39B,,32.85,35.95,63.37,0.88,1.62,6.75,0,,,,
B39B,,35.95,36.6,62.82,0.9,0.99,8.08,0,,,,
B39B,,36.6,37.5,63.93,0.65,1.09,6.81,0,,,,
B39B,,37.5,39.9,63.23,0.74,1.17,7.5,0,,,,
B39B,,39.9,43.53,63.37,1,1.2,6.94,0,,,,
B39B,,43.53,45.35,64.49,0.95,1.2,5.4,0,,,,
B39B,,45.35,47.15,65.47,0.9,0.79,4.52,0,,,,
B39B,,47.15,48.78,64.21,0.87,0.64,6.58,0,,,,
B39B,,48.78,50.28,66.78,0.7,0.6,3.27,0,,,,
B39B,,50.28,50.88,65.05,1.2,0.84,4.74,0,,,,
B39B,,50.88,53.9,65.75,0.89,0.75,4.13,0,,,,
B39B,,53.9,54.8,65.47,0.92,0.63,4.5,0,,,,
B39B,,54.8,57.64,64.4,1.02,1.6,5.3,0,,,,
B39B,,57.64,60.06,61.1,2.4,3,7.1,0,,,,
B39B,,60.06,62.79,52.5,14.5,1.7,8.5,0,,,,
B39B,,62.79,65.24,64,1.66,1.4,5.2,0,,,,
B39B,,65.24,66.76,64.4,1.1,1.22,5.5,0,,,,
B39B,,66.76,68.89,62.58,3.16,1.26,6.04,0,,,,
B39B,,68.89,71.94,58.8,6.96,1.9,6.86,0,,,,
B39B,,71.94,74.99,55,11.74,2.9,6.66,0,,,,
B39B,,74.99,76.5,55,11.34,4.2,5.6,0,,,,
B39B,,76.5,79.24,57.7,10.78,2.2,4.4,0,,,,
B39B,,79.24,81.37,58.24,7.44,2.7,6.6,0,,,,
B39B,,81.37,81.98,57.7,9.1,2.9,5.3,0,,,,
B39B,,81.98,83.2,53.7,16.3,3,3.9,0,,,,
B39B,,83.2,83.5,57.68,11.16,3,3.4,0,,,,
B39B,,83.5,85.33,49.56,24.46,0.8,3.9,0,,,,
B40,,0,8.45,56.95,4.38,5.01,8.85,0,,,,
B40,,8.45,9.65,63.65,0.9,2.05,5.88,0,,,,
B40,,9.65,12.7,60.16,2.35,3.6,8.04,0,,,,
B40,,12.7,15.15,57.23,3.6,5.22,9.03,0,,,,
B40,,15.15,17.6,63.09,1,2.3,6.5,0,,,,
B40,,17.6,18.2,60.02,3,4.39,6.62,0,,,,
B40,,18.2,21.25,64.88,1.32,1.91,4,0,,,,
B40,,21.25,23.4,63.73,1.6,2.63,4.25,0,,,,
B40,,23.4,26.35,63.93,2.28,3.2,2.94,0,,,,
B40,,26.35,27.7,66.03,1.04,1.63,2.77,0,,,,
B40,,27.7,29.8,66.58,0.8,1.34,2.4,0,,,,
B40,,29.8,31.35,66.44,0.7,0.98,3.3,0,,,,
B40,,31.35,33.75,63.93,2.12,1.69,4.7,0,,,,
B40,,33.75,36.78,66.17,0.78,1.04,3.4,0,,,,
B40,,36.78,39.83,65.89,0.87,0.94,3.64,0,,,,
B40,,39.83,42.88,63.2,1.1,1.93,6.09,0,,,,
B40,,42.88,46.83,62.8,2.04,2.06,5.5,0,,,,
B40,,46.83,49.88,65.2,1.14,0.84,4.4,0,,,,
B40,,49.88,52.35,64,2.32,0.76,0,0,,,,
B40,,52.35,53.88,62.2,1.2,0.8,8.7,0.07,,,,
B40,,53.88,55.4,62,2.4,1.09,7.5,0,,,,
B40,,55.4,56.93,63.1,1.46,0.85,6.94,0.12,,,,
B40,,56.93,59.98,65,0.6,0.6,5.5,0.06,,,,
B40,,59.98,63.63,64.2,0.9,0.92,6,0.11,,,,
B40,,63.63,66.68,63.1,1.4,0.68,6.9,0,,,,
B40,,66.68,69.43,64.7,1,0.7,5.5,0.08,,,,
B40,,69.43,71.83,64.3,1.4,0.9,5.31,0,,,,
B40,,71.83,74.88,63.3,2.22,0.66,6.3,0.07,,,,
B40,,74.88,76.73,64.2,1.7,0.79,5.5,0.08,,,,
B40,,76.73,79.18,63.5,1.8,1.34,5.65,0,,,,
B40,,79.18,82.5,62.6,3,1.04,6.15,0,,,,
B40,,82.5,85.25,64.1,1.66,0.59,5.58,0,,,,
B40,,85.25,87.95,62.9,2.3,1,6.4,0,,,,
B40,,87.95,91.6,64.4,2.6,1.16,3.8,0.08,,,,
B41,,0,3.05,60.2,1.76,5.35,6.01,0.07,,,,
B41,,3.05,6.1,59,1.76,7.07,5.8,0.06,,,,
B41,,6.1,9.15,63.9,1.76,3.28,3.05,0,,,,
B41,,9.15,11.3,61,3.04,4.98,3.95,0,,,,
B41,,11.3,11.9,65.4,0.66,1.82,3.4,0,,,,
B41,,11.9,13.4,61.4,0.86,5.24,5.1,0.05,,,,
B41,,13.4,16.25,66,0.6,1.92,2.6,0.07,,,,
B41,,16.25,18.35,58.5,1.2,5.14,9.2,0,,,,
B41,,18.35,18.95,63.8,0.76,3.26,4.05,0.07,,,,
B41,,18.95,20.75,66,0.54,0.7,4.05,0,,,,
B41,,20.75,22,63,2,3.61,3.5,0,,,,
B41,,22,22.9,65.2,1.4,1.76,3.2,0,,,,
B41,,22.9,25,39.5,13.2,19.32,10,0,,,,
B41,,25,25.6,66,1.4,0.6,3.3,0.06,,,,
B41,,25.6,25.9,61.9,2.6,5.18,3.05,0,,,,
B41,,25.9,26.5,62.9,2,3.85,4,0.07,,,,
B41,,26.5,28.95,36.5,16.2,18.6,12,0,,,,
B41,,28.95,30.5,63.8,2.2,2.67,3.3,0.1,,,,
B41,,30.5,33.55,65.4,1.4,1.73,2.75,0.07,,,,
B41,,33.55,35.55,64.2,1.9,2.24,3.55,0,,,,
B41,,35.55,38.4,66,2,1.68,1.64,0.06,,,,
B41,,38.4,40.85,65.3,3.3,1.08,1.85,0,,,,
B41,,40.85,44.2,53.5,19.5,2.1,1.6,0.06,,,,
B41,,44.2,47.3,60.8,9.2,1.44,2.3,0,,,,
B41,,47.3,48.5,61.9,7.2,1.42,2.5,0.07,,,,
B41,,48.5,49.75,36.4,45.2,1.4,1,0,,,,
B42,,0,3.05,65.5,0.9,1.54,3.5,0,,,,
B42,,3.05,4.6,64.1,0.56,2.68,4.5,0.07,,,,
B42,,4.6,7.65,60.5,0.8,2.34,9.8,0,,,,
B42,,7.65,10.65,62.6,0.6,1.7,7.7,0,,,,
B42,,10.65,13.7,58.3,1,4.33,10.3,0,,,,
B42,,13.7,15.25,55.7,3.6,5.75,10,0,,,,
B42,,15.25,16.45,61.9,1.12,1.76,8.01,0,,,,
B42,,16.45,18.3,60.4,0.7,2.06,10.17,0,,,,
B42,,18.3,20.4,60.2,0.66,2.26,10.31,0,,,,
B42,,20.4,20.7,60.5,1.1,2.45,9.24,0,,,,
B42,,20.7,22.55,60.6,0.52,2.43,9.9,0.09,,,,
B42,,22.55,24.7,61.4,0.4,1.9,9.4,0,,,,
B42,,24.7,27.75,61.7,0.48,1.57,9.22,0.1,,,,
B42,,27.75,31.4,59.8,0.86,2.67,10.26,0.09,,,,
B42,,31.4,34.15,61.17,0.79,2.27,8.78,0,,,,
B42,,34.15,37.5,60.2,1.14,2.83,9.2,0.08,,,,
B42,,37.5,39.65,56.6,2.52,5.21,10.54,0,,,,
B42,,39.65,41.75,63.1,1.18,1.18,6.92,0.07,,,,
B42,,41.75,43.9,60.5,1.8,2.49,8.7,0.08,,,,
B42,,43.9,47.25,63.4,1,1.14,6.9,0,,,,
B42,,47.25,50.6,63.1,1.2,1.15,7,0,,,,
B42,,50.6,53.05,63.5,0.8,1.8,6.1,0.08,,,,
B42,,53.05,55.8,63.5,1.3,1.44,5.95,0.07,,,,
B42,,55.8,58.55,63.9,1.4,0.83,5.89,0,,,,
B42,,58.55,60.7,64.1,1,0.88,6.46,0.08,,,,
B42,,60.7,61.65,57.8,8.8,2.25,5.9,0,,,,
B42,,61.65,64.05,63.2,1.46,1.68,6,0.07,,,,
B42,,64.05,66.15,62.9,1.2,0.83,7.42,0,,,,
B42,,66.15,68.9,60.4,1.9,3.48,7.6,0.08,,,,
B42,,68.9,71.91,66.4,1.8,0.4,2.5,0,,,,
B42,,71.91,74.01,65.7,1,0.3,4.6,0.08,,,,
B42,,74.01,74.31,66.4,0.8,0.35,3.6,0.07,,,,
B42,,74.31,77.41,65.5,1,0.5,4.5,0,,,,
B42,,77.41,79.56,65.1,1.2,0.48,5,0,,,,
B42,,79.56,82.26,64.91,0.72,0.95,5.15,0,,,,
B42,,82.26,85.06,62.97,1.32,1.72,6.48,0,,,,
B42,,85.06,86.6,60.8,6.9,0.41,5.25,0,,,,
B42,,86.6,88.45,60.7,5.68,0.59,6.48,0.48,,,,
B42,,88.45,90.55,50.5,21,0.65,5.4,0,,,,
B42,,90.55,91.8,54.4,16.4,1.48,3.9,0,,,,
B42,,91.8,93.9,51.09,22.08,0.63,3.76,0,,,,
B42,,93.9,97.6,50.81,21.2,1.26,4.78,0,,,,
B42,,97.6,98.2,50.25,24.02,0.65,3.68,0,,,,
B43,,0,3.05,59.7,1.96,4.49,7.38,0,,,,
B43,,3.05,6.1,57,1.64,5.46,10.6,0.07,,,,
B43,,6.1,9.15,58.2,1.74,4.73,9.5,0,,,,
B43,,9.15,12.8,57.3,2,5.26,9.8,0,,,,
B43,,12.8,14,62,1.4,2,7.5,0.08,,,,
B43,,14,14.9,63.4,0.72,1.96,6.18,0,,,,
B43,,14.9,17.05,62.2,0.56,1.85,8.05,0,,,,
B43,,17.05,17.7,61.6,0.64,1.92,8.9,0.07,,,,
B43,,17.7,18.3,64.8,0.7,0.84,5.4,0,,,,
B43,,18.3,19.85,59.9,1,2.55,10.1,0.09,,,,
B43,,19.85,22.25,62.2,0.8,0.75,9.2,0,,,,
B43,,22.25,25.6,59.5,1.4,3.12,9.7,0.08,,,,
B43,,25.6,26.2,64.05,0.79,0.72,6.65,0,,,,
B43,,26.2,28.05,63.8,0.8,1.78,5.75,0,,,,
B43,,28.05,28.95,63,1.8,2.38,5.2,0.06,,,,
B43,,28.95,32,60.2,1.66,2.94,8.75,0,,,,
B43,,32,33.25,62,1.46,2.46,6.9,0.07,,,,
B43,,33.25,36.9,59.1,1.4,3.19,10.3,0.07,,,,
B43,,36.9,39.6,56.7,2.7,4.62,10.9,0,,,,
B43,,39.6,42.4,59.5,1.4,3.42,9.5,0,,,,
B43,,42.4,43.9,62,1.1,1.85,7.9,0.08,,,,
B43,,43.9,46.35,61.3,1.2,2.14,8.5,0.07,,,,
B43,,46.35,49.2,62,0.9,1.56,8.4,0,,,,
B43,,49.2,49.81,62.2,1.22,1.13,8.3,0.08,,,,
B43,,49.81,52.85,65.9,1,0.74,3.7,0,,,,
B43,,52.85,55.85,63.5,1.58,2.43,4.59,0.1,,,,
B43,,55.85,57.4,62.7,2.18,2.6,4.86,0,,,,
B43,,57.4,60.75,63,1.86,2.12,5.33,0.08,,,,
B43,,60.75,63.5,63,1.96,2.18,5.27,0,,,,
B43,,63.5,66.7,65.29,1.23,1.47,3.68,0,,,,
B43,,66.7,69.72,64.3,2,0.75,5.1,0.08,,,,
B43,,69.72,73.02,63.1,3,0.87,5.6,0,,,,
B43,,73.02,76.4,61.8,4.2,0.9,6.1,0.07,,,,
B43,,76.4,79.7,54.7,14.4,1.2,5.8,0,,,,
B43,,79.7,79.78,53.3,17.86,0.68,5,0.08,,,,
B44,,0,3.05,61.7,3.1,1.7,6.7,0,,,,
B44,,3.05,5.15,63.4,0.8,2.1,6.3,0,,,,
B44,,5.15,8.17,64.9,0.85,2,4.2,0,,,,
B44,,8.17,10.62,65.45,0.9,1.55,3.9,0,,,,
B44,,10.62,13.05,65.8,0.7,1.4,3.8,0,,,,
B44,,13.05,15.5,65.48,0.71,1.4,4.18,0,,,,
B44,,15.5,17.02,65.73,0.7,1.1,4.1,0,,,,
B44,,17.02,18.55,63.07,1.1,2.85,5.8,0,,,,
B44,,18.55,19.8,61.8,1.3,4.52,5.6,0,,,,
B44,,19.8,22.85,63.1,1.3,4.05,4.4,0,,,,
B44,,22.85,24.35,64.3,1,1,6,0,,,,
B44,,24.35,28.05,66.85,0.56,1,2.7,0,,,,
B44,,28.05,30.79,65.9,0.6,1.2,3.9,0,,,,
B44,,30.79,32.92,65,0.66,2.1,4.3,0,,,,
B44,,32.92,35.36,64.2,0.8,1.5,5.8,0,,,,
B44,,35.36,38.41,62.4,1,3.25,6.4,0,,,,
B44,,38.41,41.47,62.7,1.1,2.3,6.8,0,,,,
B44,,41.47,44.5,62.7,1.1,2.52,6.6,0,,,,
B44,,44.5,47.55,62.7,1,1.9,7.3,0,,,,
B44,,47.55,50.3,63,0.92,2.35,6.6,0,,,,
B44,,50.3,52.43,63.15,1.1,2.5,6.04,0,,,,
B44,,52.43,55.15,62.23,1.39,2.22,7.32,0,,,,
B44,,55.15,58.2,62.16,1.1,2.3,7.64,0,,,,
B44,,58.2,61.55,63,1.1,1.5,7.24,0,,,,
B44,,61.55,63.05,62.86,1.4,1.4,7.18,0,,,,
B44,,63.05,65.18,62.87,1.52,1.55,6.94,0,,,,
B44,,65.18,67.28,63.97,1.1,0.93,6.33,0,,,,
B44,,67.28,69.4,52.64,13.86,1.62,9.14,0,,,,
B44,,69.4,71.25,59.64,5.48,1.4,7.77,0,,,,
B44,,71.25,73.75,55.58,7.5,4.2,8.7,0,,,,
B44,,73.75,76.5,53,16.6,1.54,5.55,0,,,,
B44,,76.5,78.05,57.7,10.2,1.44,5.4,0.09,,,,
B45,,0,3.05,55.84,6.07,7.4,6.7,0,,,,
B45,,3.05,4.55,62.54,1.27,3.28,6.16,0,,,,
B45,,4.55,7,62.82,1.07,2.59,6.26,0,,,,
B45,,7,9.45,62.74,1.76,3.25,5.08,0,,,,
B45,,9.45,11,62.82,0.93,3.3,6.07,0,,,,
B45,,11,12.2,50.25,1.97,12.81,13.33,0,,,,
B45,,12.2,14.03,66.86,0.76,1.04,2.39,0,,,,
B45,,14.03,15.55,65.47,0.9,1.46,3.75,0,,,,
B45,,15.55,18.6,66.31,0.95,0.92,3.32,0,,,,
B45,,18.6,21.35,63.65,1.98,2.39,4.47,0,,,,
B45,,21.35,24.37,64.21,1.1,1.34,5.85,0,,,,
B45,,24.37,27.42,64.32,1.32,1.9,4.85,0,,,,
B45,,27.42,29.55,63.95,1.22,1.16,5.92,0,,,,
B45,,29.55,32.6,63.73,1.03,0.96,6.45,0,,,,
B45,,32.6,34.13,64.22,1.18,1.35,5.29,0,,,,
B45,,34.13,36.56,65.89,0.83,0.84,3.75,0,,,,
B45,,36.56,38.36,63.65,1.08,0.92,6.74,0,,,,
B45,,38.36,41.37,64.07,0.96,1.04,6.34,0,,,,
B45,,41.37,44.37,62.26,1.06,0.92,8.84,0,,,,
B45,,44.37,47.12,62.41,1.39,1.39,7.61,0,,,,
B45,,47.12,49.85,62.08,1.34,1.5,8.21,0,,,,
B45,,49.85,52.55,62.26,0.92,0.97,9,0,,,,
B45,,52.55,54.35,62.99,1.07,1.4,7.16,0,,,,
B45,,54.35,56.45,62.26,1.13,1.18,8.5,0,,,,
B45,,56.45,59.2,61.28,1.3,1.92,8.96,0,,,,
B45,,59.2,62.2,62.96,1.2,1,7.64,0,,,,
B45,,62.2,63.75,63.97,1.1,1.93,6.33,0,,,,
B45,,63.75,66.2,63.37,1.07,1.21,6.92,0,,,,
B45,,66.2,68.6,61.7,0.91,1.23,9.38,0,,,,
B45,,68.6,70.45,64.83,1.13,0.97,4.91,0,,,,
B45,,70.45,73.15,65.08,0.98,0.84,4.88,0,,,,
B45,,73.15,74.7,63.23,2.9,2.19,4.24,0,,,,
B45,,74.7,76.2,64.63,1.55,1.25,4.52,0,,,,
B45,,76.2,79.23,65.3,1.2,0.92,4.1,0,,,,
B45,,79.23,81.68,65.6,1.04,1.14,3.6,0,,,,
B45,,81.68,84.08,64.84,1.91,1.28,2.56,0.1,,,,
B45,,84.08,87.18,64.02,2.48,1.07,4.49,0,,,,
B45,,87.18,89.93,64.21,2.77,1.45,3.5,0,,,,
B45,,89.93,92.68,64,0.86,2.24,4.88,0.07,,,,
B45,,92.68,95.43,64.6,1.02,2.8,5.64,0,,,,
B45,,95.43,97.88,64.7,1.2,0.9,5,0,,,,
B45,,97.88,100.33,63.4,1.8,1.14,6,0.09,,,,
B45,,100.33,103.99,62.54,3.84,0.64,5.72,0,,,,
B45,,103.99,106.99,51.37,18.22,2.17,5.94,0,,,,
B45,,106.99,110.04,58.07,7.42,2.53,7.11,0,,,,
B45,,110.04,112.85,61.84,3.7,0.48,7.13,0,,,,
B45,,112.85,116.17,62.82,2.26,0.5,7.48,0,,,,
B45,,116.17,118.92,63.65,2.34,0.58,6.07,0,,,,
B45,,118.92,121.05,63.65,2.04,0.5,6.39,0,,,,
B45,,121.05,123.5,63.91,2.38,0.97,5.06,0,,,,
B45,,123.5,125.9,54.44,14.74,1.09,5.96,0,,,,
B46,,0,3,63.37,3.16,2.54,3.42,0,,,,
B46,,3,4.55,63.84,1.82,2.61,4.07,0,,,,
B46,,4.55,6.67,63.09,3.04,2.55,3.96,0,,,,
B46,,6.67,8.49,61.98,3.05,3.22,5,0,,,,
B46,,8.49,10.34,62.54,3.37,2.76,4.4,0,,,,
B46,,10.34,12.47,64.08,1.21,2.17,4.7,0,,,,
B46,,12.47,15.19,63.93,1.86,2.38,4.25,0,,,,
B46,,15.19,16.71,65.18,1.59,2.46,2.23,0,,,,
B46,,16.71,18.24,58.49,6.37,3.96,5.92,0,,,,
B46,,18.24,21.32,64.44,1.03,1.32,5.3,0,,,,
B46,,21.32,24,64.2,1.02,1.48,5.44,0,,,,
B46,,24,26.41,64.21,1.02,1.48,5.44,0,,,,
B46,,26.41,29.43,64.07,1.2,2.92,8.52,0,,,,
B46,,29.43,37.4,57.23,1.44,4.68,11.87,0,,,,
B46,,37.4,40.1,58.63,1.6,4.38,10.11,0,,,,
B46,,40.1,42.55,60.58,0.66,2.68,9.89,0,,,,
B46,,42.55,44.65,59.88,0.74,3,10.31,0,,,,
B46,,44.65,46.2,58.63,0.94,4.1,10.74,0,,,,
B46,,46.2,48.65,61.42,0.98,3.05,7.94,0,,,,
B46,,48.65,51.1,61.7,1.12,0.92,9.75,0.01,,,,
B46,,51.1,53.25,63.09,0.93,1.67,7,0,,,,
B46,,53.25,54.5,65.1,0.93,1.23,4.5,0,,,,
B46,,54.5,55.75,57.51,5.54,5.43,6.7,0,,,,
B46,,55.75,57.9,63.37,1.06,1.04,7.15,0,,,,
B46,,57.9,60.05,62.24,0.64,2.04,7.4,0,,,,
B46,,60.05,62.8,61.98,1.2,1.25,8.9,0,,,,
B46,,62.8,65.55,62.54,1.16,0.84,8.37,0,,,,
B46,,65.55,68,61.28,1.36,0.88,9.94,0,,,,
B46,,68,71.05,61.56,1.35,0.84,9.64,0,,,,
B46,,71.05,74.1,62.88,1.15,0.92,7.86,0,,,,
B46,,74.1,77.15,62.81,1.44,0.83,7.76,0,,,,
B46,,77.15,79.3,63.37,1.37,0.71,7.16,0,,,,
B46,,79.3,80.8,63.23,1.31,0.5,7.54,0,,,,
B46,,80.8,82.95,63.79,0.9,0.46,3.08,0,,,,
B46,,82.95,83.85,62.82,4.2,0.46,5.5,0,,,,
B46,,83.85,87.2,62.82,4.22,1.88,3.71,0,,,,
B46,,87.2,89.05,59.19,8.09,0.69,6.67,0.06,,,,
B46,,89.05,91.5,44.81,26.58,1.7,7.28,0,,,,
B47,,0,3.37,31.9,20.6,22.29,10.39,0.08,,,,
B47,,3.37,5.17,36.15,16.76,21.07,9.48,0,,,,
B47,,5.17,7.15,53.1,6.12,9.55,6.9,0.08,,,,
B47,,7.15,14.1,42.4,9.64,17,10.9,0,,,,
B47,,14.1,15.62,55.9,1.36,6.14,11.55,0,,,,
B47,,15.62,18.96,56.8,1.08,4.55,12.15,0.09,,,,
B47,,18.96,21.71,57.3,0.56,4.56,11.94,0,,,,
B47,,21.71,25.07,55.7,0.76,5.76,12.83,0,,,,
B47,,25.07,28.42,50,3.16,11.93,12.44,0.08,,,,
B47,,28.42,32.74,50.5,2.64,11.8,12.26,0,,,,
B47,,32.74,37.46,52.6,2.2,9.24,12.1,0.09,,,,
B47,,37.46,40.92,61.6,1.8,6.11,3.2,0,,,,
B47,,40.92,41.84,63.9,0.96,2.52,4.52,0,,,,
B47,,41.84,42.74,64.1,1.16,3.68,2.5,0.09,,,,
B47,,42.74,46.07,60.9,2.02,2.54,7.8,0,,,,
B47,,46.07,48.5,62,1.24,2.1,7.5,0.08,,,,
B47,,48.5,50.92,61,2.1,0.87,9.4,0,,,,
B47,,50.92,53.35,61.9,1.84,1.54,7.6,0.08,,,,
B47,,53.35,56.39,63,1.2,1.86,6.4,0.07,,,,
B47,,56.39,59.41,60.8,0.8,1.82,10,0,,,,
B47,,59.41,62.74,61.4,1,0.8,10,0,,,,
B47,,62.74,65.48,60.5,4.7,1,7.4,0.08,,,,
B47,,65.48,66.39,56,12.2,1.13,6.18,0.09,,,,
B48,,0,4.55,52.2,4.12,10.63,10.6,0.15,,,,
B48,,4.55,8.24,50.2,2.92,13.29,11,0,,,,
B48,,8.24,11.28,58.6,0.44,6.16,9.8,0.1,,,,
B48,,11.28,14.64,60.2,0.34,4.08,8.8,0,,,,
B48,,14.64,16.47,52.3,0.54,12.26,11.41,0,,,,
B48,,16.47,24.39,53.9,0.4,9.91,11.64,0.14,,,,
B48,,24.39,27.45,63,0.7,2.61,5.9,0,,,,
B48,,27.45,30.48,62.44,0.91,3.27,5.81,0,,,,
B48,,30.48,33.22,64.8,0.92,2.9,2.96,0.09,,,,
B48,,33.22,34.44,63.5,0.64,5.43,2.52,0,,,,
B48,,34.44,37.18,65.56,0.6,2.34,2.28,0,,,,
B48,,37.18,39.46,65.48,0.7,2.16,3.89,0,,,,
B48,,39.46,40.98,65.6,0.66,1.42,3.78,0,,,,
B48,,40.98,43.42,65.2,1.08,2,3.1,0.08,,,,
B48,,43.42,45.7,66.1,0.66,1.3,2.35,0.08,,,,
B48,,45.7,48.76,66.6,0.66,1.3,2.35,0.08,,,,
B48,,48.76,52.1,67.28,0.55,0.75,2.24,0,,,,
B48,,52.1,55.15,67.28,0.89,0.67,1.9,0,,,,
B48,,55.15,57.29,66.44,0.84,0.84,3.14,0,,,,
B48,,57.29,58.2,65.33,0.82,0.67,5.06,0,,,,
B48,,58.2,60.33,66.17,1.1,0.71,3.18,0,,,,
B48,,60.33,63.06,64.21,1.04,1.09,5.9,0,,,,
B48,,63.06,65.49,64.49,1,0.73,6,0,,,,
B48,,65.49,68.54,64.18,1.57,1.27,5.13,0,,,,
B48,,68.54,69.45,63.37,1.04,0.71,7.38,0,,,,
B48,,69.45,70.37,59.19,6.01,3.55,4.83,0,,,,
B48,,70.37,71.9,64.77,0.65,0.54,6.06,0,,,,
B48,,71.9,73.42,60.58,7.52,1.5,3.97,0,,,,
B48,,73.42,75.55,58.63,8.23,1.46,6.27,0,,,,
B48,,75.55,78,51.37,21.3,0.67,4.12,0,,,,
B48,,78,79.8,45.78,30.17,1.14,3,0,,,,
B48,,79.8,81.6,53.74,19.22,0.96,2.9,0,,,,
B48,,81.6,82.2,34.2,47.71,0.51,2.49,0,,,,
B49,,0,1.5,63.08,1.75,1.43,6.41,0,,,,
B49,,1.5,3.65,64.06,1.45,1.11,5.57,0,,,,
B49,,3.65,7,65.05,1.18,0.86,4.8,0,,,,
B49,,7,7.6,64.35,1.04,0.86,5.83,0,,,,
B49,,7.6,9.15,64.07,2.13,1.68,4.22,0,,,,
B49,,9.15,12.2,64.56,1.53,1.38,4.51,0,,,,
B49,,12.2,14.9,64.92,1.32,0.83,4.87,0,,,,
B49,,14.9,16.4,64.07,1.33,0.75,6,0,,,,
B49,,16.4,19.15,62.26,3.77,2.13,4.67,0,,,,
B49,,19.15,22.17,61.12,3.82,1.71,5.28,0,,,,
B49,,22.17,24.32,63.79,3.24,1.71,3.53,0,,,,
B49,,24.32,26.45,65.13,2.1,1.34,2.89,0,,,,
B49,,26.45,28.9,64.35,2.85,1.21,3.69,0,,,,
B49,,28.9,31.4,64.35,3.38,0.9,3.45,0,,,,
B49,,31.4,31.7,40.48,39.92,0.56,1.46,0,,,,
B50,,0,3.05,64.77,0.4,2.37,4.37,0,,,,
B50,,3.05,4.55,67.06,0.43,1.13,2.36,0,,,,
B50,,4.55,5.45,66.03,0.52,1.84,2.95,0,,,,
B50,,5.45,6.1,66.09,0.59,1.66,2.83,0,,,,
B50,,6.1,9.15,64.21,1,2.26,4.8,0,,,,
B50,,9.15,10.05,63.44,0.9,1.98,6.25,0,,,,
B50,,10.05,11.25,63.65,1.13,2.17,5.6,0,,,,
B50,,11.25,12.2,64.63,0.97,1.13,5.25,0,,,,
B50,,12.2,14.3,62.96,1.04,2.26,6.43,0,,,,
B50,,14.3,17.05,64.6,0.81,1.34,5.83,0,,,,
B50,,17.05,20.4,63.53,1.91,1.95,5.16,0,,,,
B50,,20.4,23.15,63.37,1.8,1.67,5.85,0,,,,
B50,,23.15,24.7,63.79,1.7,1.63,5.4,0,,,,
B50,,24.7,26.8,64.65,1.41,1,4.86,0,,,,
B50,,26.8,28.95,65.09,0.95,0.95,4.93,0,,,,
B50,,28.95,30.8,64.49,0.7,0.63,6.22,0,,,,
B50,,30.8,33.85,64.21,1.6,0.85,5.52,0,,,,
B50,,33.85,35.95,45.37,31.48,1.58,2.04,0,,,,
B50,,35.95,38.7,42.02,36.8,1.62,1.48,0,,,,
B50,,38.7,47.25,43.83,33.7,1.8,1.78,0,,,,
B51,,0,1.52,54.9,7.52,6.85,6.32,0,,,,
B51,,1.52,4.25,50.2,4.38,12.03,10.8,0.1,,,,
B51,,4.25,6.1,57.1,2.28,8.17,7,0,,,,
B51,,6.1,9.15,59.6,3.35,4.64,6.7,0,,,,
B51,,9.15,12.2,58.77,2.45,6.39,7.43,0,,,,
B51,,12.2,15.22,60.99,1.4,3.49,7.48,0,,,,
B51,,15.22,17.95,59.6,1.14,3.93,9.76,0,,,,
B51,,17.95,21.01,39.64,16.34,14.02,12.52,0,,,,
B51,,21.01,24.62,50.53,8.1,8.24,11.01,0,,,,
B51,,24.62,27.95,61.98,0.83,1.78,8.41,0,,,,
B51,,27.95,30.67,61.14,1.69,2.49,8.26,0,,,,
B51,,30.67,32.78,60.02,1,2.26,10.65,0,,,,
B51,,32.78,35.81,64.49,1.32,1,5.36,0,,,,
B51,,35.81,39.41,63.93,1.44,0.92,5.82,0,,,,
B51,,39.41,42.45,63.93,1.44,0.84,6.01,0,,,,
B51,,42.45,44.87,62.9,1.44,1.15,7.2,0,,,,
B51,,44.87,47.93,62.71,1.01,1.3,7.28,0,,,,
B51,,47.93,50.35,63.37,0.8,1.02,7.25,0,,,,
B51,,50.35,53.39,61.28,2.22,2.36,7.39,0,,,,
B51,,53.39,56.11,62.82,1,1.02,7.93,0,,,,
B51,,56.11,58.21,63.77,1.5,1.18,5.83,0,,,,
B51,,58.21,60.93,62.82,1.57,1.63,6.95,0,,,,
B51,,60.93,62.29,65.33,0.74,0.71,4.87,0,,,,
B51,,62.29,64.69,64.7,0.92,1.71,4.45,0,,,,
B51,,64.69,66.19,64.3,0.86,0.93,5.86,0,,,,
B51,,66.19,68.29,64.3,0.9,0.72,6.1,0,,,,
B51,,68.29,70.99,62.5,2.5,0.98,6.75,0.09,,,,
B51,,70.99,74,62.8,2.6,0.84,6.45,0,,,,
B51,,74,75.52,65,1.4,0.66,4.7,0,,,,
B51,,75.52,75.97,63.5,4.16,0.69,3.99,0,,,,
B51,,75.97,78.38,62.6,4.38,0.61,5.09,0,,,,
B51,,78.38,81.08,63.3,5.1,0.78,3.2,0,,,,
B51,,81.08,81.69,53.2,19.4,0.57,3.55,0,,,,
B51,,81.69,82.89,54.3,20,0.6,1.42,0,,,,
B51,,82.89,83.49,52.8,21.5,1.06,1.58,0,,,,
B52,,0,3.05,55.28,4.08,8.48,8.19,0,,,,
B52,,3.05,5.45,53.18,3.83,10.74,9.05,0,,,,
B52,,5.45,7.9,49.69,4.94,14.08,9.5,0,,,,
B52,,7.9,10.35,46.06,10.83,13.62,9.42,0,,,,
B52,,10.35,13.75,29.87,28.26,15.12,13.55,0,,,,
B52,,13.75,16.2,29.03,23.3,23.06,11.82,0,,,,
B52,,16.2,18.95,26.64,27.2,22.14,12.13,0,,,,
B52,,18.95,21.35,21.75,38.94,16.96,12.67,0,,,,
B52,,21.35,23.45,26.08,28,21.8,12.52,0,,,,
B52,,23.45,26.5,30.85,28.66,15.02,12.18,0,,,,
B52,,26.5,28.65,35.16,23.08,15.04,11.43,0,,,,
B52,,28.65,31.7,22.89,36.82,19.5,10.56,0,,,,
B52,,31.7,35.05,62.4,4.28,3.28,2.85,0,,,,
B52,,35.05,37.5,63.51,4.72,1.99,2.33,0,,,,
B52,,37.5,40.55,58.91,11.78,1.98,1.7,0,,,,
B52,,40.55,42.05,40.47,40.07,0.77,1.07,0,,,,
B52,,42.05,45.7,38.1,42.78,1.79,1.28,0,,,,
B52,,45.7,51.8,36.29,45.51,0.77,1.47,0,,,,
B52,,51.8,54.6,56.67,15.36,1.25,1.95,0,,,,
B52,,54.6,58.25,40.76,38.38,1.04,2.06,0,,,,
B53,,0,0.91,61.5,4.58,3.97,2.7,0,,,,
B53,,0.91,2.44,58.75,4.48,7.03,3.62,0,,,,
B53,,2.44,3.05,62.5,1.6,4.62,3.4,0,,,,
B53,,3.05,4.58,61.16,0.62,5.78,3.48,0,,,,
B53,,4.58,7.01,49.7,8.9,12.48,6.25,0.08,,,,
B53,,7.01,14.3,43.6,9.3,17.25,9.6,0,,,,
B53,,14.3,16.44,62,0.5,3.35,6.5,0,,,,
B53,,16.44,17.64,60.83,0.76,4.21,7.24,0,,,,
B53,,17.64,19.77,59.7,0.44,4.29,9.1,0,,,,
B53,,19.77,22.2,59.3,0.54,5.21,8.6,0,,,,
B53,,22.2,22.82,58.04,2.04,5.25,8.98,0,,,,
B53,,22.82,27.93,57.6,0.84,6.73,9.29,0,,,,
B53,,27.93,30.48,63.7,0.66,2.9,4.75,0.09,,,,
B53,,30.48,34.43,53,3.7,9.06,10.25,0,,,,
B53,,34.43,35.98,62.1,0.52,4.7,6.47,0.08,,,,
B53,,35.98,37.5,59.24,2.81,3.8,7.87,0.08,,,,
B53,,37.5,39.64,64.8,0.68,1.46,4.75,0,,,,
B53,,39.64,41.77,65.3,0.76,0.5,5.15,0.09,,,,
B53,,41.77,44.21,61.7,0.68,1.63,8.96,0,,,,
B53,,44.21,45.73,65.3,0.54,0.52,5.3,0.08,,,,
B53,,45.73,47.25,66.5,1.7,0.84,2,0,,,,
B53,,47.25,49.99,65.5,2.3,2.02,1.36,0,,,,
B53,,49.99,52.73,63.9,2.2,3.22,2.4,0.08,,,,
B53,,52.73,54.25,63.8,2.4,3.62,1.9,0,,,,
B53,,54.25,57.02,65,2.54,2.14,1.67,0.08,,,,
B53,,57.02,59.45,63.1,2,3.35,3.7,0.08,,,,
B53,,59.45,61.26,60,1.96,4,7.4,0,,,,
B53,,61.26,62.17,60,1.6,2.5,9.7,0.07,,,,
B53,,62.17,64.31,65,1.6,2.52,2.3,0,,,,
B53,,64.31,65.21,65.1,1.06,1.68,3.7,0.08,,,,
B53,,65.21,67.33,64.2,1.5,2.44,3.75,0,,,,
B53,,67.33,70.06,61.4,1.24,1.68,8.59,0.07,,,,
B53,,70.06,71.58,61.05,4.06,2.32,5.6,0,,,,
B53,,71.58,74.66,63.7,2.6,2.37,3.43,0,,,,
B53,,74.66,76.79,64.7,1.3,2.16,3.62,0.06,,,,
B53,,76.79,78.93,64.5,0.8,1.01,5.55,0,,,,
B53,,78.93,79.23,64.1,1.2,1.84,4.9,0.07,,,,
B53,,79.23,80.43,63.5,1.35,1.9,5.45,0,,,,
B53,,80.43,80.73,64.2,1.4,1.35,5,0.08,,,,
B53,,80.73,81.98,63.88,1.98,1.93,6.74,0,,,,
B53,,81.98,82.28,64.5,1.84,1.62,3.8,0.07,,,,
B53,,82.28,84.12,56.7,9.1,2.81,6.2,0,,,,
B53,,84.12,85.66,60.68,2.76,2.3,7.63,0,,,,
B53,,85.66,86.86,62.1,4.52,0.84,5.4,0.09,,,,
B53,,86.86,87.46,61,5.1,0.74,0,0,,,,
B54,,0,3.05,44.1,6.4,18.68,10.6,0.09,,,,
B54,,3.05,6.1,46.4,6.08,17.46,8.85,0,,,,
B54,,6.1,9.15,54.6,1,12.32,7.6,0,,,,
B54,,9.15,11.3,60.1,2,6.86,4.2,0.08,,,,
B54,,11.3,13.75,58.2,4.1,7.37,4.2,0,,,,
B54,,13.75,16.15,65.2,1.36,2.4,2.5,0.08,,,,
B54,,16.15,18.9,65,1.04,2.33,3.28,0.08,,,,
B54,,18.9,21.35,66.5,0.74,2.23,1.53,0,,,,
B54,,21.35,22.9,65.9,1.02,2.39,1.75,0,,,,
B54,,22.9,23.8,65.2,1,2.11,3.05,0.09,,,,
B54,,23.8,26.8,65.5,1.04,2.68,2.21,0,,,,
B54,,26.8,29.6,63.1,3.64,2.05,3.28,0.08,,,,
B54,,29.6,30.2,39.7,39.5,2.1,1.05,0.09,,,,
B55,,0,5.81,50.5,4.58,10.55,11.55,0.09,,,,
B55,,5.81,12.99,50.4,2,12.43,12.2,0,,,,
B55,,12.99,21.33,33.2,16,23.77,11.25,0.09,,,,
B55,,21.33,24.38,61.34,1.13,3.38,7.25,0,,,,
B55,,24.38,27.43,62.37,1.03,2.15,7.06,0,,,,
B55,,27.43,30.5,62.76,0.9,2.13,6.71,0,,,,
B55,,30.5,33.2,62.23,0.72,1.83,7.73,0,,,,
B55,,33.2,36.6,62.8,1.3,0.55,8,0,,,,
B55,,36.6,39,60.28,1,4.11,7.95,0,,,,
B55,,39,41.15,63.8,0.8,1.66,5.7,0.09,,,,
B55,,41.15,44.2,62.81,1.01,2.54,5.99,0,,,,
B55,,44.2,45.4,63.82,0.87,2.03,5.27,0,,,,
B55,,45.4,46.35,66.3,0.9,1.39,2.49,0.06,,,,
B55,,46.35,48.8,61.79,2.34,2.02,6.69,0,,,,
B55,,48.8,51.85,60.2,2.8,1.21,9.5,0.07,,,,
B55,,51.85,54.9,63.3,1.68,1.01,6.29,0.07,,,,
B55,,54.9,56.4,62.3,2.04,1.65,6.72,0,,,,
B55,,56.4,57,63.2,1.18,1.19,6.8,0,,,,
B55,,57,58.25,64.44,0.78,1.46,5.12,0,,,,
B55,,58.25,58.85,62.3,1.08,0.91,8.5,0.08,,,,
B55,,58.85,61.3,64.6,1.38,0.62,5.3,0,,,,
B55,,61.3,64.65,63.8,2.3,0.98,5,0.08,,,,
B55,,64.65,67.7,64.4,2.86,0.96,3.65,0,,,,
B55,,67.7,69.85,64,2.34,1.46,4.1,0.08,,,,
B55,,69.85,70.15,46.4,24.8,3.33,4.7,0,,,,
B56,,0,3.05,49.4,6.2,13.16,9,0.08,,,,
B56,,3.05,5.45,48.8,6.7,12.37,10.15,0,,,,
B56,,5.45,6.1,60.2,1.6,6.12,5.2,0.08,,,,
B56,,6.1,7.65,52.3,2,14.2,8,0,,,,
B56,,7.65,8.55,58.7,1.84,6.64,6.58,0.08,,,,
B56,,8.55,11.9,63.1,2.74,3.28,2.96,0,,,,
B56,,11.9,14.65,47.2,13.5,12.88,4.99,0.09,,,,
B56,,14.65,16.8,63,2.48,2.75,4.18,0,,,,
B56,,16.8,19.85,60.3,7.16,2.94,3.16,0.08,,,,
B56,,19.85,21.35,59.9,6.86,2.74,4.04,0,,,,
B56,,21.35,21.55,40.6,36.2,3.74,1,0,,,,
B57,,0,2.45,56.3,2.4,8.12,8,0.08,,,,
B57,,2.45,4.85,54.6,1.44,10.56,8.95,0.09,,,,
B57,,4.85,7.6,62.2,1.68,6.18,5.25,0,,,,
B57,,7.6,10.65,65.2,0.4,2.76,3,0.07,,,,
B57,,10.65,13.7,65.5,0.3,2.63,2.8,0,,,,
B57,,13.7,16.75,67.6,0.5,0.91,1.42,0,,,,
B57,,16.75,19.2,66.1,0.56,1.02,3.4,0.09,,,,
B57,,19.2,21.35,66.3,0.6,0.6,3.5,0,,,,
B57,,21.35,22.85,64.7,0.4,1.78,4.7,0.07,,,,
B57,,22.85,25.9,65.6,0.46,1.3,3.9,0,,,,
B57,,25.9,28.95,64.5,1.2,1.54,4.5,0,,,,
B57,,28.95,30.5,65.51,0.84,1.32,3.61,0.08,,,,
B57,,30.5,32.6,63.1,0.85,2.3,6.6,0,,,,
B57,,32.6,38.99,58.8,1.3,5.4,9.1,0,,,,
B57,,38.99,39.6,63.5,0.84,1,7.2,0,,,,
B57,,39.6,43.6,63.05,0.66,0.9,8.2,0,,,,
B57,,43.6,45.75,62,0.84,1.5,9,0,,,,
B57,,45.75,53.4,56.84,4.57,5.56,8.5,0,,,,
B57,,53.4,54.9,61.74,4.7,3.22,3.7,0,,,,
B57,,54.9,57.95,59.36,5.24,4.85,5.04,0,,,,
B57,,57.95,61,63.81,3.5,2.24,2.94,0,,,,
B57,,61,63.45,62.25,4,2.54,4.36,0,,,,
B57,,63.45,66.5,62.38,5,1.37,4.4,0,,,,
B57,,66.5,68.63,64.13,3.4,1.7,3.22,0,,,,
B57,,68.63,69.85,63.2,2.54,2.5,4.58,0,,,,
B57,,69.85,70.46,63.7,2.1,2,5,0,,,,
B57,,70.46,71.68,65.4,2.54,1.72,2.12,0,,,,
B57,,71.68,74.73,65.25,3.14,1.6,1.92,0,,,,
B57,,74.73,77.17,64.4,3.69,2,2.25,0,,,,
B57,,77.17,79.6,65.3,3.13,1.65,1.8,0,,,,
B57,,79.6,82.35,63,5.75,1.5,2.53,0,,,,
B57,,82.35,85.4,60.4,3.91,1.82,2.8,0,,,,
B57,,85.4,87.85,50.4,23.42,1.6,2.89,0,,,,
B57,,87.85,89.4,52.5,21.4,1.5,2.03,0,,,,
B57,,89.4,90,42.16,35.1,1.7,2.84,0,,,,
B58,,0,0.6,55.6,3.9,6.3,9.4,0,,,,
B58,,0.6,3.05,55.2,2.9,8.15,9.1,0.06,,,,
B58,,3.05,5.47,58.7,2,5,8.5,0,,,,
B58,,5.47,9.15,59.5,0.6,5.1,8.7,0.07,,,,
B58,,9.15,12.2,56.6,1.5,6.06,10.7,0.08,,,,
B58,,12.2,14.35,64.04,1.42,2.57,3.76,0,,,,
B58,,14.35,16.5,61.1,1.54,5.79,4.45,0,,,,
B58,,16.5,17.4,64.3,0.5,2.69,4.25,0.08,,,,
B58,,17.4,19.2,64.2,0.5,4.05,3.1,0,,,,
B58,,19.2,21.35,64.6,0.4,3.08,3.6,0.08,,,,
B58,,21.35,24.4,64.3,1.42,1.38,4.65,0.08,,,,
B58,,24.4,26.5,65.4,1.32,1.02,3.65,0,,,,
B58,,26.5,28.05,65.2,1.9,0.74,3.75,0,,,,
B58,,28.05,30.5,65.1,0.8,0.56,5.25,0.08,,,,
B58,,30.5,32,65.2,0.6,0.92,4.7,0,,,,
B58,,32,35.05,63.9,0.8,1,6.3,0.08,,,,
B58,,35.05,37.5,64.3,0.68,1.72,5.05,0,,,,
B58,,37.5,38.1,59.3,2.08,3.84,8.2,0.08,,,,
B58,,38.1,38.4,63,1,2.45,5.9,0.08,,,,
B58,,38.4,41.15,66,0.4,0.6,4.3,0,,,,
B58,,41.15,43.85,65,0.62,1.54,4.49,0.07,,,,
B58,,43.85,47.3,65.7,0.86,1.2,3.59,0,,,,
B58,,47.3,50,64.45,1.03,1.95,4.14,0,,,,
B58,,50,52.45,64.7,0.62,0.74,5.72,0.07,,,,
B58,,52.45,55.47,64.1,0.94,1.91,5.09,0,,,,
B58,,55.47,57.95,64.4,0.68,0.84,6,0.06,,,,
B58,,57.95,61.6,67.1,0.88,0.46,2.4,0,,,,
B58,,61.6,62.85,66.7,0.68,0.74,2.8,0.07,,,,
B58,,62.85,65.55,65.4,0.66,0.6,4.9,0,,,,
B58,,65.55,67.99,63.77,0.96,1.92,5.41,0,,,,
B58,,67.99,70.12,65.3,1,0.42,4.9,0,,,,
B58,,70.12,73.47,64.9,0.97,2.14,4.66,0,,,,
B58,,73.47,76.82,65.1,1,1.12,4.35,0,,,,
B58,,76.82,80.18,64.4,1.08,1.13,5.2,0.07,,,,
B58,,80.18,83.2,63.8,1.12,1.41,5.74,0,,,,
B58,,83.2,85.1,64,1.12,1.42,5.48,0.08,,,,
B58,,85.1,86,62.4,2.02,2.1,6,0,,,,
B58,,86,88.1,64.3,0.84,1.04,5.65,0.06,,,,
B58,,88.1,90.84,65.1,1.22,1.46,3.65,0,,,,
B58,,90.84,93.89,65,1.08,1.39,4.18,0.06,,,,
B58,,93.89,96.35,64.8,1.2,2.46,3.08,0,,,,
B58,,96.35,98.8,65,1.66,1.41,3.4,0.07,,,,
B58,,98.8,101.85,64.9,1.92,0.98,3.75,0,,,,
B58,,101.85,102.2,65,1.74,0.8,4.1,0.07,,,,
B58,,102.2,104.65,64.3,2,1.06,4.5,0,,,,
B58,,104.65,105.85,63.9,1.3,1,5.84,0.07,,,,
B58,,105.85,109.15,64.1,1.34,1.72,4.78,0,,,,
B58,,109.15,111.95,64.2,2.8,1.28,3.6,0,,,,
B58,,111.95,114.98,63,4.2,1.83,3.4,0.07,,,,
B58,,114.98,115.9,61.2,6.08,2.52,3.2,0.07,,,,
B59,,0,1.22,64.1,1.06,3.22,3.66,0.07,,,,
B59,,1.22,4.85,66.1,0.28,1.83,2.97,0,,,,
B59,,4.85,6.7,63.4,2.2,3.14,3.3,0,,,,
B59,,6.7,10.37,66.7,0.7,1.12,2.4,0.09,,,,
B59,,10.37,12.47,64.6,1,1.07,5.2,0.07,,,,
B59,,12.47,15.77,65.5,1.2,1.23,3.5,0,,,,
B59,,15.77,16.99,65,0.6,1.3,4.7,0.07,,,,
B59,,16.99,19.71,66.5,0.64,0.72,3.2,0,,,,
B59,,19.71,22.16,66.8,0.7,0.54,2.9,0.08,,,,
B59,,22.16,23.98,67,0.64,0.37,2.88,0.06,,,,
B59,,23.98,27.03,66,0.86,0.46,4,0,,,,
B59,,27.03,29.8,66.4,0.8,0.25,3.6,0,,,,
B59,,29.8,32.2,66.3,0.8,0.4,3.5,0.06,,,,
B59,,32.2,34.9,66.6,0.3,0.15,4,0,,,,
B59,,34.9,37.6,64.5,0.4,0.84,6.1,0.06,,,,
B59,,37.6,40.02,64.6,0.82,0.67,5.72,0,,,,
B59,,40.02,43.38,65.6,0.68,1,4.16,0.07,,,,
B59,,43.38,46.08,65.3,0.3,1.5,4.3,0.07,,,,
B59,,46.08,48.53,65.6,0.44,0.8,4,0,,,,
B59,,48.53,50.03,65,0.5,1.35,4.7,0,,,,
B59,,50.03,53.06,63.7,1.24,1.17,5.95,0,,,,
B59,,53.06,55.78,63.4,1.6,0.72,6.6,0,,,,
B59,,55.78,59.12,64.09,1.27,2.42,4.11,0.01,,,,
B59,,59.12,61.24,63.81,1.94,1.55,4.66,0,,,,
B59,,61.24,63.95,62.5,2.1,2.83,4.99,0,,,,
B59,,63.95,65.5,62.1,2.48,1.41,6.71,0.07,,,,
B59,,65.5,67.97,64.2,0.86,1.15,5.68,0,,,,
B59,,67.97,69.79,64.4,0.8,0.4,6.4,0.08,,,,
B59,,69.79,71.9,65.2,0.5,0.32,5.6,0,,,,
B59,,71.9,74.34,64.6,0.72,0.65,5.9,0.08,,,,
B59,,74.34,77.38,64.3,0.8,0.85,5.95,0,,,,
B59,,77.38,79.82,65.1,0.9,0.81,4.79,0.06,,,,
B59,,79.82,82.88,63.2,1.12,1.37,6.44,0,,,,
B59,,82.88,85.29,63.2,1.1,0.81,7.3,0.08,,,,
B59,,85.29,87.42,64,1.08,0.62,6.4,0,,,,
B59,,87.42,88.48,63.7,1.46,0.86,6.4,0.06,,,,
B59,,88.48,90.58,63.8,1,0.92,6.45,0,,,,
B59,,90.58,93.3,61.8,4.8,1.03,5.3,0,,,,
B59,,93.3,95.74,59,6.2,0.67,8.4,0.06,,,,
B59,,95.74,97.57,59.5,5.4,0.71,8.4,0,,,,
B59,,97.57,99.07,64.1,1.6,0.56,5.82,0.07,,,,
B59,,99.07,101.47,58.6,6.86,0.72,8.22,0,,,,
B59,,101.47,103.87,61.8,2.3,1.76,6.9,0,,,,
B59,,103.87,105.97,63.25,0.7,1.45,6.95,0.07,,,,
B59,,105.97,107.79,64.2,1.16,0.62,6,0.06,,,,
B59,,107.79,110.84,63.9,1.72,0.66,5.83,0,,,,
B59,,110.84,112.34,62.3,2.6,0.71,7.2,0,,,,
B59,,112.34,113.56,44.5,33,1.35,1.8,0.06,,,,
B60,,0,0.3,59.5,5.5,2.3,7,0,,,,
B60,,0.3,3.05,66.4,0.8,0.9,3.2,0,,,,
B60,,3.05,6.1,65.8,1.55,1.13,3.2,0,,,,
B60,,6.1,9.15,66.08,0.42,0.87,3.96,0,,,,
B60,,9.15,12.2,64.68,0.64,1.3,5.3,0,,,,
B60,,12.2,15.25,63.4,0.79,1.32,6.9,0,,,,
B60,,15.25,17.05,63.8,1.35,1.9,5.3,0,,,,
B60,,17.05,18.55,64.88,0.96,1.4,4.7,0,,,,
B60,,18.55,21.35,66.18,0.8,1.1,3.3,0,,,,
B60,,21.35,24.1,66.18,0.8,1.1,3.3,0,,,,
B60,,24.1,26.2,65.7,0.61,0.79,4.53,0,,,,
B60,,26.2,29.25,65,0.79,0.87,5.24,0,,,,
B60,,29.25,32,64.5,0.86,0.98,5.9,0,,,,
B60,,32,34.45,65.8,1,0.8,4.1,0,,,,
B60,,34.45,35.95,65.8,0.86,1.1,3.9,0,,,,
B60,,35.95,38.1,64.52,1.37,1.57,4.6,0,,,,
B60,,38.1,40.25,64.4,1.02,1.1,5.77,0,,,,
B60,,40.25,43.9,63.8,1.64,1.43,5.67,0,,,,
B60,,43.9,46.05,63.15,2.04,2.03,5.63,0,,,,
B60,,46.05,48.8,58.2,3.14,5.61,7.32,0.07,,,,
B60,,48.8,51.85,61.29,2.28,2.83,6.58,0,,,,
B60,,51.85,54.9,62.6,1.5,1.48,7,0,,,,
B60,,54.9,57.3,63.4,1.2,1.24,6.45,0.08,,,,
B60,,57.3,60.35,63.62,1.86,1.21,5.44,0,,,,
B60,,60.35,62.8,63.2,2.02,1.43,5.67,0,,,,
B60,,62.8,65.55,63.89,1.77,1.35,4.98,0,,,,
B60,,65.55,68.6,64.74,1.76,0.69,4.48,0,,,,
B60,,68.6,71.35,64.4,1.26,0.64,5.65,0.08,,,,
B60,,71.35,74.1,64.13,1.52,2.83,5.34,0,,,,
B60,,74.1,76.5,63.6,3,0.7,4.9,0.07,,,,
B60,,76.5,78.95,62.8,2.52,1.31,5.87,0,,,,
B60,,78.95,80.8,51.4,18.6,2.1,5.2,0.07,,,,
B60,,80.8,81.4,50.5,23.5,0.68,3.3,0,,,,
B61,,0,12.43,57,7,3.6,7.84,0,,,,
B61,,12.43,13.05,58.85,4.13,2.52,9.03,0,,,,
B61,,13.05,17.02,50.2,3.6,14.34,9.3,0.07,,,,
B61,,17.02,17.62,57.52,0.69,5.65,10.57,0.07,,,,
B61,,17.62,18.23,60,0.64,4.81,7.95,0,,,,
B61,,18.23,19.75,62,0.4,5.34,4.7,0.07,,,,
B61,,19.75,27.98,64.6,0.4,2.46,4.2,0,,,,
B61,,27.98,30.44,65.7,0.6,1.93,3,0.07,,,,
B61,,30.44,33.49,65.7,0.6,1.93,3,0.07,,,,
B61,,33.49,36.22,63.6,0.8,2.9,4.7,0.08,,,,
B61,,36.22,38.96,65.8,0.46,2.33,2.6,0,,,,
B61,,38.96,41.7,65.4,0.5,2.5,3,0.08,,,,
B61,,41.7,44.75,65.9,0.42,1.24,3.6,0,,,,
B61,,44.75,47.18,66,0.6,0.7,3.95,0.86,,,,
B61,,47.18,49.62,65.4,0.6,1.43,3.95,0,,,,
B61,,49.62,52.67,64,0.8,2.28,4.75,0.08,,,,
B61,,52.67,55.09,65.9,0.76,1.68,2.85,0,,,,
B61,,55.09,58.14,66.64,0.56,1.37,2.23,0,,,,
B61,,58.14,61.19,65,0.9,1.8,3.8,0.08,,,,
B61,,61.19,62.71,66,0.68,0.86,3.65,0,,,,
B61,,62.71,64.84,63.9,1.6,2.02,4.4,0.08,,,,
B61,,64.84,67.88,64.3,1.34,0.81,5.49,0.07,,,,
B61,,67.88,70.36,64.7,0.62,0.89,5.47,0,,,,
B61,,70.36,72.48,64.6,2.34,1.8,4.51,0.07,,,,
B61,,72.48,74.62,48.7,25.56,1.48,2.92,0,,,,
B61,,74.62,76.45,60.9,7.5,1.22,3.65,0,,,,
B61,,76.45,77.67,55.3,13.12,1.35,5.9,0.08,,,,
B62,,0,0.91,61.6,3.34,3.68,4.19,0.06,,,,
B62,,0.91,3.96,65.2,1.05,1.91,3.28,0,,,,
B62,,3.96,6.09,65.6,0.8,1.5,3.39,0,,,,
B62,,6.09,9.2,64.56,0.56,1.47,4.71,0,,,,
B62,,9.2,12.2,57.12,0.98,2.07,4.72,0,,,,
B62,,12.2,13.7,62.4,1.7,3.07,5.25,0.07,,,,
B62,,13.7,16.75,62.6,0.68,1.98,7.2,0,,,,
B62,,16.75,18.55,63.66,0.81,1.91,5.59,0,,,,
B62,,18.55,21.3,64.7,0.52,2.53,3.92,0.07,,,,
B62,,21.3,25.26,59.8,0.9,4.93,7.86,0,,,,
B62,,25.26,27.7,65.4,0.68,0.4,5.15,0.08,,,,
B62,,27.7,30.75,64.1,0.82,1.68,5.25,0,,,,
B62,,30.75,32.28,63.6,0.94,4.3,3.11,0.07,,,,
B62,,32.28,33.53,64.4,0.42,1.88,5.25,0,,,,
B62,,33.53,34.15,64.5,0.8,2.76,3.5,0,,,,
B62,,34.15,36.55,63.17,1.08,2.08,5.79,0,,,,
B62,,36.55,38.1,62.59,1.06,1.97,6.85,0,,,,
B62,,38.1,39.9,62.23,1.02,2.14,7.16,0,,,,
B62,,39.9,42.7,61.85,1.16,1.39,8.46,0,,,,
B62,,42.7,45.75,64.79,0.86,1.22,4.78,0,,,,
B62,,45.75,46.66,61.6,1.6,2.48,7.2,0.08,,,,
B62,,46.66,48.51,64.8,1.16,1.88,3.85,0,,,,
B62,,48.51,50.33,62.5,1.9,4.48,3.35,0.08,,,,
B62,,50.33,53.05,64.45,1.58,3.49,4.12,0,,,,
B62,,53.05,55.52,60.2,1.1,5.77,6.15,0,,,,
B62,,55.52,57.94,62.7,0.98,2.23,6.39,0,,,,
B62,,57.94,60.36,65.54,0.86,1.6,3.6,0,,,,
B62,,60.36,63.66,65.24,0.98,3.03,2.64,0.01,,,,
B62,,63.66,66.41,64.6,1.02,0.81,5.39,0.07,,,,
B62,,66.41,69.16,63.84,2.02,2.8,3.18,0,,,,
B62,,69.16,71.26,64.47,1.89,1.63,3.8,0,,,,
B62,,71.26,73.42,65,1.07,1.43,4.03,0,,,,
B62,,73.42,76.49,64.9,0.96,0.9,5.05,0.07,,,,
B62,,76.49,79.24,64.2,0.92,1.15,5.62,0.06,,,,
B62,,79.24,81.04,63.62,1.5,2.04,4.87,0,,,,
B62,,81.04,83.45,63.8,0.7,0.35,7.5,0.03,,,,
B62,,83.45,86.18,65,0.74,0.4,5.8,0,,,,
B62,,86.18,88.59,64.5,0.7,0.4,6.4,0,,,,
B62,,88.59,89.81,58.7,9.54,1.05,5.35,0.02,,,,
B62,,89.81,92.83,46.4,24.7,4.7,4.2,0,,,,
B63,,0,2.75,62.7,1.24,1,7.8,0,,,,
B63,,2.75,5.15,62.6,1.38,0.76,8.1,0.07,,,,
B63,,5.15,6.1,58.4,4.2,5.54,5.85,0.08,,,,
B63,,6.1,9.15,61.5,1.72,2.88,6.75,0,,,,
B63,,9.15,10.95,62.7,1.3,1.72,6.7,0.08,,,,
B63,,10.95,14,64,1,0.92,6.1,0,,,,
B63,,14,16.75,62.9,1.14,1.15,7.26,0.07,,,,
B63,,16.75,18.9,63,1.06,1.49,6.86,0,,,,
B63,,18.9,21.35,62.6,1.06,1.7,7.5,0,,,,
B63,,21.35,24.1,62.7,0.88,1.76,7.4,0.07,,,,
B63,,24.1,25.35,63.3,1.2,2.62,4.9,0.07,,,,
B63,,25.35,27.75,63.8,0.86,1.64,5.8,0,,,,
B63,,27.75,31.4,63.44,1.67,1.35,5.95,0,,,,
B63,,31.4,32,45.8,12.2,12.96,8.35,0,,,,
B63,,32,33.85,57.18,3.88,4.58,8.65,0,,,,
B63,,33.85,36.6,60.7,1.24,3.22,7.95,0,,,,
B63,,36.6,39.3,63.1,1.4,0.92,7.1,0,,,,
B63,,39.3,40.85,62.2,1,0.8,9,0.08,,,,
B63,,40.85,43.9,61.6,1.14,1.54,8.75,0.08,,,,
B63,,43.9,46.65,63.7,1.24,0.96,6.3,0,,,,
B63,,46.65,49.7,62.1,1.1,1.44,7.96,0,,,,
B63,,49.7,52.45,63.3,0.94,1.18,6.95,0,,,,
B63,,52.45,55.2,63.8,0.78,1.32,6.25,0,,,,
B63,,55.2,58.25,62.8,0.96,0.94,7.89,0,,,,
B63,,58.25,61.55,63.4,2.58,2.86,3.39,0.07,,,,
B63,,61.55,62.8,64.2,0.88,1.12,5.6,0.07,,,,
B63,,62.8,63.4,64,1.3,2.94,3.45,0,,,,
B63,,63.4,64,63.2,1.18,1.39,6.55,0.08,,,,
B63,,64,64.9,65,1.5,1.42,3.63,0,,,,
B63,,64.9,68.25,64.58,0.99,0.86,5.64,0,,,,
B63,,68.25,71.65,62.65,2.98,1.21,6.09,0,,,,
B63,,71.65,74.7,63.53,1.41,1.25,6.46,0,,,,
B63,,74.7,77.75,62.61,2.53,1.32,6.47,0,,,,
B63,,77.75,79.3,63.59,1.57,0.89,6.48,0,,,,
B63,,79.3,82.35,62.9,2.53,1.2,6.2,0,,,,
B63,,82.35,84.45,64.7,2.15,1.2,3.95,0,,,,
B63,,84.45,86.6,60,7,1.1,6,0,,,,
B63,,86.6,88.45,44.8,27.8,1.24,6.85,0,,,,
B64,,0,1.21,54,8.2,5.8,8.65,0,,,,
B64,,1.21,3.65,64.3,0.6,0.72,6.8,0,,,,
B64,,3.65,6.08,55.2,2,7.8,11,0,,,,
B64,,6.08,9.11,64.4,0.6,0.62,6.6,0,,,,
B64,,9.11,12.2,62.15,1.35,2,7.6,0,,,,
B64,,12.2,14.93,62.76,1.05,2.05,6.9,0,,,,
B64,,14.93,15.54,62.95,0.8,1.85,7.3,0,,,,
B64,,15.54,17.96,62.3,2,2.8,6.05,0,,,,
B64,,17.96,20.98,65.4,0.7,0.85,4.8,0,,,,
B64,,20.98,23.99,63.85,1.15,1.45,6,0,,,,
B64,,23.99,27.36,66.4,0.85,0.45,3.6,0,,,,
B64,,27.36,28.86,66.3,0.68,0.5,3.9,0,,,,
B64,,28.86,31.29,65.85,1.1,0.82,4,0,,,,
B64,,31.29,32.81,65.22,1.55,1.3,3.8,0,,,,
B64,,32.81,35.24,67.6,0.74,0.32,2.3,0,,,,
B64,,35.24,36.78,63.2,1.04,0.6,8,0,,,,
B64,,36.78,37.98,64.7,2.5,1.02,3.8,0,,,,
B64,,37.98,40.11,62.9,2.4,1,6.6,0,,,,
B64,,40.11,40.72,64.5,1.12,1.1,5.35,0,,,,
B64,,40.72,43.77,66.3,1.07,0.5,3.6,0,,,,
B64,,43.77,46.8,65.6,1.08,0.58,4.3,0,,,,
B64,,46.8,48.92,65.6,1,0.55,4.4,0,,,,
B64,,48.92,51.64,65.4,1.2,0.6,4.5,0,,,,
B64,,51.64,54.07,65.9,0.8,0.45,4.35,0,,,,
B64,,54.07,56.19,65.4,0.72,0.65,5,0,,,,
B64,,56.19,58.32,63.84,1.16,0.8,6.5,0,,,,
B64,,58.32,60.89,64.3,0.87,0.65,6.3,0,,,,
B64,,60.89,63.61,65.2,0.85,0.48,5.3,0,,,,
B64,,63.61,66.63,63.8,1.04,0.65,6.9,0,,,,
B64,,66.63,69.68,63.4,1.6,0.9,6.8,0,,,,
B64,,69.68,72.68,64.7,1.02,0.6,5.6,0,,,,
B64,,72.68,75.39,64.5,1.55,0.45,5.65,0,,,,
B64,,75.39,77.49,63.6,1.6,0.7,6.6,0,,,,
B64,,77.49,78.99,65,1.35,0.52,5.1,0,,,,
B64,,78.99,80.19,65,1.25,0.67,5,0,,,,
B64,,80.19,83.24,65,0.78,0.94,4.9,0,,,,
B64,,83.24,84.74,65.4,0.7,0.68,4.7,0.07,,,,
B64,,84.74,87.27,65,0.56,2.14,3.85,0,,,,
B64,,87.27,89.58,64.4,0.62,1.14,5.55,0,,,,
B64,,89.58,92.03,64.1,0.82,0.92,6.1,0.07,,,,
B64,,92.03,92.93,64.2,0.6,1.28,5.75,0,,,,
B64,,92.93,94.43,64.6,0.78,0.78,5.6,0.07,,,,
B64,,94.43,95.95,63,1.1,1.16,7.05,0,,,,
B64,,95.95,97.48,63.4,0.68,1.11,7.05,0.06,,,,
B64,,97.48,99.88,63.2,1.2,1.42,6.7,0,,,,
B65,,0,3.66,52.1,2.7,10.86,10.9,0.07,,,,
B65,,3.66,4.57,56.6,1.3,6.28,10.5,0,,,,
B65,,4.57,6.09,60.5,1.1,1.8,9.78,0,,,,
B65,,6.09,7.6,59.6,2.76,4.73,6.38,0.06,,,,
B65,,7.6,8.85,62.2,1.42,1.13,7.9,0,,,,
B65,,8.85,11.88,59.4,2.94,4.2,7.1,0.06,,,,
B65,,11.88,14.52,57.6,4.28,6.51,5.84,0.06,,,,
B65,,14.52,16.96,57.5,5.22,4.04,7.77,0,,,,
B65,,16.96,18.49,62.1,4.72,2.13,3.75,0,,,,
B65,,18.49,21.23,64.5,2.14,1.74,3.3,0.07,,,,
B65,,21.23,23.67,63.1,3.32,2.1,4,0,,,,
B65,,23.67,25.53,64.5,1.54,1.65,4.3,0.07,,,,
B65,,25.53,28.59,65.7,1.7,0.84,3.05,0,,,,
B65,,28.59,31.33,62.7,5.1,1.3,3.45,0.05,,,,
B65,,31.33,32.58,57.1,14.54,2.12,1.19,0.05,,,,
B65,,32.58,36.55,46,29.76,1.47,2.49,0,,,,
B66,,0,3.05,63.8,1.3,2.3,1,1,,,,
B66,,3.05,6.1,53.5,2.2,10.2,1,5,,,,
B66,,6.1,7.6,55.4,2.3,9,1,5,,,,
B66,,7.6,10.65,52.4,3.1,7.7,2,5,,,,
B66,,10.65,12.2,52.7,2.4,9.8,2,5,,,,
B66,,12.2,14.65,63,1.5,2.2,1,1,,,,
B66,,14.65,17.05,62,1.3,2.3,2,9,,,,
B66,,17.05,18.3,61.7,1.2,2.5,2,9,,,,
B66,,18.3,19.8,62.4,1.3,1.5,1,1,,,,
B66,,19.8,22.55,52.6,3.2,7.3,2,7,,,,
B66,,22.55,25.6,64.4,1.6,2.1,2,3,,,,
B66,,25.6,28.65,65.8,0.56,2.32,2.35,2,,,,
B66,,28.65,29.25,66.5,0.6,1.46,2.35,0.07,,,,
B66,,29.25,30.5,47,2.24,16.98,12.5,0,,,,
B66,,30.5,33.55,65.5,0.56,2.26,2.95,0.07,,,,
B66,,33.55,36.6,66.4,1.2,1.12,2.4,0,,,,
B66,,36.6,39,65.5,0.92,1.59,2,0.06,,,,
B66,,39,40.2,63.6,2.26,2.49,3.8,0,,,,
B66,,40.2,43,67.1,1.2,0.9,1.7,0,,,,
B66,,43,44.5,67.5,0.74,0.84,1.5,0.06,,,,
B66,,44.5,45.11,49.7,11.04,11.68,5.01,0.07,,,,
B66,,45.11,46.02,65.3,1.78,2.64,1.7,0,,,,
B66,,46.02,48.17,49,10.76,12.57,5.4,0.07,,,,
B66,,48.17,50.61,63.8,3.16,3.25,1.7,0,,,,
B66,,50.61,53.66,62.7,3.96,3.6,1.9,0.06,,,,
B66,,53.66,56.71,66,1.66,1.58,2.12,0.06,,,,
B66,,56.71,59.16,66.2,2,1.1,1.92,0,,,,
B66,,59.16,61.6,65.9,1.96,0.96,2.4,0,,,,
B66,,61.6,64.05,65.7,2.96,1.16,1.4,0.06,,,,
B66,,64.05,67.1,66,2.44,1.65,0.92,0.05,,,,
B66,,67.1,70.15,65,1.7,3,2,3,,,,
B66,,70.15,72.55,67,2,1.1,2,3,,,,
B66,,72.55,75,64.3,2.5,3,2,3,,,,
B66,,75,77.75,66.2,1.2,2,2,3,,,,
B66,,77.75,80.8,67.5,1,1.3,2,3,,,,
B66,,80.8,82.95,62,2.5,6.5,2,3,,,,
B66,,82.95,86.3,66.2,1,1.2,2,3,,,,
B66,,86.3,86.9,63,2.3,4.3,2,3,,,,
B67,,0,3.05,60.5,2.2,4.6,2,4,,,,
B67,,3.05,6.1,55.4,2.3,8.6,2,4,,,,
B67,,6.1,8.54,54,3,8.2,2,4,,,,
B67,,8.54,11.28,56,2.6,7,2,4,,,,
B67,,11.28,14.34,56.17,3.44,5.86,2,4,,,,
B67,,14.34,16.78,58.8,2.5,4.3,1,1,,,,
B67,,16.78,19.52,61.26,2.13,2.23,1,1,,,,
B67,,19.52,22.57,59.6,1.3,3.2,2,9,,,,
B67,,22.57,25.61,59.4,1.6,3.2,2,9,,,,
B67,,25.61,28.97,56,3.4,4.5,2,9,,,,
B67,,28.97,31.71,61,1.8,1.8,2,9,,,,
B67,,31.71,34.76,52.4,3.6,8,2,7,,,,
B67,,34.76,37.81,64.9,2.3,2.1,2,3,,,,
B67,,37.81,40.86,62.8,3.1,3.5,2,3,,,,
B67,,40.86,43.91,64,1.6,3.2,2,3,,,,
B67,,43.91,46.66,66.6,1,1.8,2,3,,,,
B67,,46.66,48.78,25.2,25.4,28.2,2,6,,,,
B67,,48.78,51.22,62.1,2.6,4.2,2,3,,,,
B67,,51.22,53.64,65.8,1.2,1.5,2,7,,,,
B67,,53.64,55.98,63.8,3.4,2.1,2,3,,,,
B67,,55.98,59.73,59.3,3.5,5.2,2,9,,,,
B67,,59.73,61.57,66.3,1,1.8,2,3,,,,
B67,,61.57,64.63,56.5,3.6,9.5,2,7,,,,
B67,,64.63,67.03,56,4.2,9.8,2,9,,,,
B67,,67.03,68.88,60.2,2.4,6.2,2,9,,,,
B67,,68.88,74.4,30,27.6,24.7,2,6,,,,
B68,,0,2.74,49.7,3,14.88,10.15,0,,,,
B68,,2.74,5.18,56.73,1.08,8.15,8.76,0,,,,
B68,,5.18,7.62,53.1,2.04,10.65,10.4,0,,,,
B68,,7.62,9.15,53,2.7,9.6,10.5,0.07,,,,
B68,,9.15,11.28,53.1,1.6,1.2,12,0,,,,
B68,,11.28,13.4,59.03,0.59,7.24,9.46,0,,,,
B68,,13.4,14.95,59.9,0.42,3.08,10.05,0.07,,,,
B68,,14.95,17.38,56.9,1.58,7.35,8.9,0.07,,,,
B68,,17.38,20.73,57.7,0.68,7.78,8.2,0,,,,
B68,,20.73,24.69,57.5,0.8,8.16,7.8,0.01,,,,
B68,,24.69,27.14,57.5,0.56,7.14,9.07,0,,,,
B68,,27.14,29.57,61.1,0.4,5.1,6.43,0.13,,,,
B68,,29.57,31.4,60.9,0.42,5.56,6.12,0,,,,
B68,,31.4,31.7,58.3,0.6,5.9,8.4,0,,,,
B68,,31.7,32.31,61.3,1.01,3.8,6.7,0,,,,
B68,,32.31,34.03,57.2,0.8,6.02,10.57,0,,,,
B68,,34.03,36.87,64,0.4,3.25,3.8,0,,,,
B68,,36.87,39.32,66,0.38,2.4,2.32,0.08,,,,
B68,,39.32,45.12,57.6,0.2,1.02,1.68,0.07,,,,
B68,,45.12,46.72,56.5,6.52,7.78,4.05,0,,,,
B68,,46.72,47.92,61.3,3.62,4.88,3,0.08,,,,
B68,,47.92,50.02,64.5,2.66,2.62,1.98,0.06,,,,
B68,,50.02,52.47,63.2,4.3,3.17,1.55,0,,,,
B68,,52.47,52.87,24.7,57.44,4.94,1.5,0,,,,
B68,,52.87,56.74,66.4,2.2,0.64,1.05,0.08,,,,
B68,,56.74,58.87,65.9,2.58,1.54,1.15,0,,,,
B68,,58.87,60.39,54.7,14.88,2.59,3.51,0.07,,,,
B69,,0,2.13,52.2,3.46,9.78,11.12,0.08,,,,
B69,,2.13,6.1,55.4,1.1,8.18,10.3,0.07,,,,
B69,,6.1,9.15,56.1,0.6,8.4,9.56,0,,,,
B69,,9.15,11.58,64.1,0.52,2.9,4.42,0.08,,,,
B69,,11.58,14.63,59.6,0.82,3.96,9.1,0,,,,
B69,,14.63,16.15,58.5,1.02,4.12,0,0.1,,,,
B69,,16.15,19.21,54.6,0.9,8.33,11.7,0,,,,
B69,,19.21,23.77,53,1.79,9.22,12,0.09,,,,
B69,,23.77,32.31,49,2.4,14.13,12.1,0,,,,
B69,,32.31,33.53,55.4,5.54,9.24,4.8,0.06,,,,
B69,,33.53,34.45,34.7,21.16,19.47,8.25,0,,,,
B69,,34.45,36.47,56.4,3.64,6.42,8.09,0.07,,,,
B69,,36.47,39.02,65.2,2.22,2.24,1.8,0.08,,,,
B69,,39.02,41.45,65,2.7,2.2,1.65,0,,,,
B69,,41.45,43.88,62.9,4.12,3.22,2.11,0.07,,,,
B69,,43.88,46.32,62.9,4.12,3.22,2.11,0.07,,,,
B69,,46.32,49.07,64.5,4.12,1.65,1.58,0,,,,
B69,,49.07,51.5,45.3,32,1.6,1,0.08,,,,
B70,,0,0.91,60.6,3.44,4.88,4.2,0,,,,
B70,,0.91,3.05,63.1,1.77,3.99,3.15,0.07,,,,
B70,,3.05,4.57,61.5,3.24,5.21,2.4,0.07,,,,
B70,,4.57,7.62,64,3.7,2.66,1.6,0.06,,,,
B70,,7.62,9.45,61,5.4,4.57,2,0,,,,
B70,,9.45,12.82,63,3.96,3.36,1.8,0,,,,
B70,,12.82,15.25,61.3,4.94,4.3,2.3,0.07,,,,
B70,,15.25,18.31,66.3,2,1.39,1.3,0.06,,,,
B70,,18.31,20.74,66.4,0.86,1.96,1.6,0.07,,,,
B70,,20.74,22.88,68.2,0.84,0.43,0.9,0.07,,,,
B70,,22.88,25.93,67.5,0.68,0.98,1.3,0.06,,,,
B70,,25.93,27.45,67.5,1.48,0.52,1.1,0,,,,
B70,,27.45,29.28,67.8,1.36,0.66,0.65,0.06,,,,
B70,,29.28,31.7,64.4,3.06,1.95,2.4,0,,,,
B70,,31.7,33.53,66.4,1.66,1.28,1.65,0.06,,,,
B70,,33.53,34.44,55.5,17.4,1.48,1.3,0.08,,,,
B71,,0,1.83,66.3,1.2,1.64,1.9,0.06,,,,
B71,,1.83,3.05,64.5,1.04,3.35,2.62,0.06,,,,
B71,,3.05,4.57,64.7,1.18,3.07,2.52,0,,,,
B71,,4.57,6.71,63.7,1.8,3.49,2.81,0.06,,,,
B71,,6.71,9.15,64.4,1,2.61,3.59,0,,,,
B71,,9.15,11.59,64.2,1.28,1.78,5.1,0.06,,,,
B71,,11.59,14.32,65.66,1.39,1.14,3.2,0.05,,,,
B71,,14.32,15.24,66.5,1.64,0.87,2.1,0,,,,
B71,,15.24,15.85,66.65,0.96,1.35,1.98,0,,,,
B71,,15.85,17.38,64.7,1.8,3.26,1.8,0.06,,,,
B71,,17.38,17.98,64.43,2.53,1.88,2.98,0,,,,
B71,,17.98,18.6,65.1,2.54,1.47,2.3,0,,,,
B71,,18.6,21.34,66.2,2.74,0.76,1.45,0.07,,,,
B71,,21.34,24.08,65.7,1.44,1.34,3.2,0,,,,
B71,,24.08,24.69,65.4,2.44,0.96,2.2,0.07,,,,
B71,,24.69,27.13,63.2,3.08,2.29,3.63,0.07,,,,
B71,,27.13,28.04,65.1,2.26,1.69,2.42,0.06,,,,
B71,,28.04,29.86,65.8,1.44,0.82,3.25,0,,,,
B71,,29.86,31.08,64.8,1.12,0.96,4.8,0.07,,,,
B71,,31.08,31.38,65.7,1.98,1.02,2.75,0,,,,
B71,,31.38,32.91,65.04,1.78,0.87,4,0.06,,,,
B71,,32.91,35.36,66,2,0.42,2.8,0,,,,
